ValeVision3D - port notes, module logs and release placeholders
  app root : D:\10_CoreLib__ValeCodebase\WebApps\ValeVision3D
  checked  : 698 files in 02__Src__AppModules, 03__Style__AppStylesheets, 80__Testing__PrototypeEnvironment and index.html - 464 PORT NOTE(s), 550 DEVELOPMENT LOG(s)
  baseline : Na__Verify__ParityBaseline__.json - 139 file(s) recorded 2026-10-01; 77 still as recorded, 62 since rewritten (their full checks apply)

  02__Src__AppModules/03__AppUtils/Na__AppUtils__DevGate__.js
      WARN  :37    source-version       PORT NOTE says "Ported from : TrueVision3D" and has no "Source version" line (K2 H5: "- Source version: <x.y.z> (TrueVision3D v2.N.0, DD-Mon-YYYY; read at <pin>)")   [baseline 01-Oct-2026]
  02__Src__AppModules/03__AppUtils/Na__AppUtils__ProjectLoader.js
      WARN  :55    log-order            24-Feb-2026 1.0.0 sits above 11-Jun-2026 1.1.0 (this log runs newest first, as TrueVision's do)   [baseline 01-Oct-2026]
      WARN  :59    log-order            11-Jun-2026 1.1.0 sits above 25-Jun-2026 1.2.0 (this log runs newest first, as TrueVision's do)   [baseline 01-Oct-2026]
      WARN  :65    log-order            version 1.2.0 sits above 1.3.0 (this log runs newest first, as TrueVision's do)   [baseline 01-Oct-2026]
      WARN  :70    log-order            version 1.3.0 sits above 1.3.1 (this log runs newest first, as TrueVision's do)   [baseline 01-Oct-2026]
      WARN  :77    log-order            version 1.3.1 sits above 1.4.0 (this log runs newest first, as TrueVision's do)   [baseline 01-Oct-2026]
      WARN  :89    log-order            25-Jun-2026 1.4.0 sits above 01-Oct-2026 1.4.1 (this log runs newest first, as TrueVision's do)   [baseline 01-Oct-2026]
  02__Src__AppModules/03__AppUtils/Na__AppUtils__SnapshotHistory.js
      WARN  :39    source-version-form  Source version "1.0.0 (31-Aug-2026)" lacks the TrueVision3D app version (K2 H5: "<x.y.z> (TrueVision3D v2.N.0, DD-Mon-YYYY; read at <pin>)")   [baseline 01-Oct-2026]
  02__Src__AppModules/05__RenderPipeline/02__Engine__MaxEngine/Na__RenderPipeline__MaxEngine__Setup.js
      WARN  :55    log-order            10-Jun-2026 1.0.0 sits above 16-Sep-2026 1.0.2 (this log runs newest first)   [baseline 01-Oct-2026]
  02__Src__AppModules/05__RenderPipeline/Na__RenderEffect__ProgressiveRefine__.js
      WARN  :146   log-order            16-Sep-2026 1.0.1 sits above 17-Sep-2026 1.0.3 (this log runs newest first, as TrueVision's do)   [legacy: TrueVision's DEVELOPMENT LOG, taken verbatim (DR-34), lists 1.0.1 above 1.0.3 and 1.0.2 - TrueVision's own order, kept as written.]
  02__Src__AppModules/05__RenderPipeline/Na__RenderLoop__Invalidation.js
      WARN  :38    source-version-form  Source version "TrueVision's file has no version line or log; IsPaused as it has stood since TrueVision3D " lacks the TrueVision module version (K2 H5: "<x.y.z> (TrueVision3D v2.N.0, DD-Mon-YYYY; read at <pin>)")   [legacy: TrueVision's copy of this file has no module version, so the Source version names the release and the commit instead.]
  02__Src__AppModules/10__NavigationAndCameras/Na__NavigationModes__Switcher.js
      WARN  :49    source-version-form  Source version "TrueVision 1.0.0 (27-Aug-2026)" lacks the TrueVision3D app version (K2 H5: "<x.y.z> (TrueVision3D v2.N.0, DD-Mon-YYYY; read at <pin>)")   [baseline 01-Oct-2026]
  02__Src__AppModules/10__NavigationAndCameras/Na__UiFeature__NavigationToolbar__Controls.js
      WARN  :46    log-order            16-Sep-2026 sits above 09-Sep-2026 (this log runs oldest first)   [baseline 01-Oct-2026]
      WARN  :53    log-order            09-Sep-2026 sits above 10-Jun-2026 1.0.0 (this log runs oldest first)   [baseline 01-Oct-2026]
  02__Src__AppModules/15__ModelLoader/Na__ModelLoader__ContentStamp__.js
      WARN  :41    source-version       PORT NOTE says "Ported from : TrueVision3D" and has no "Source version" line (K2 H5: "- Source version: <x.y.z> (TrueVision3D v2.N.0, DD-Mon-YYYY; read at <pin>)")   [baseline 01-Oct-2026]
  02__Src__AppModules/21__System__PresentationMode/Na__PresentationMode__Camera__SceneTransition.js
      WARN  :51    log-order            28-Sep-2026 1.5.0 sits above 09-Sep-2026 (this log runs oldest first)   [baseline 01-Oct-2026]
      WARN  :58    log-order            09-Sep-2026 sits above 11-Jun-2026 1.0.0 (this log runs oldest first)   [baseline 01-Oct-2026]
  02__Src__AppModules/21__System__PresentationMode/Na__PresentationMode__DevMenu__BatchOps__.js
      WARN  :63    source-version       PORT NOTE says "Ported from : TrueVision3D" and has no "Source version" line (K2 H5: "- Source version: <x.y.z> (TrueVision3D v2.N.0, DD-Mon-YYYY; read at <pin>)")   [baseline 01-Oct-2026]
  02__Src__AppModules/21__System__PresentationMode/Na__PresentationMode__DevMenu__GroupEditor__.js
      WARN  :45    source-version-form  Source version "1.0.0 (31-Aug-2026)" lacks the TrueVision3D app version (K2 H5: "<x.y.z> (TrueVision3D v2.N.0, DD-Mon-YYYY; read at <pin>)")   [baseline 01-Oct-2026]
  02__Src__AppModules/21__System__PresentationMode/Na__PresentationMode__DevMenu__SceneEditor.js
      WARN  :61    source-version-form  Source version "TrueVision v2.19.0 scene editor (07-Sep-2026)" lacks the TrueVision module version (K2 H5: "<x.y.z> (TrueVision3D v2.N.0, DD-Mon-YYYY; read at <pin>)")   [baseline 01-Oct-2026]
  02__Src__AppModules/21__System__PresentationMode/Na__PresentationMode__DevMenu__SceneReorder__.js
      WARN  :36    source-version-form  Source version "TrueVision v2.19.0 scene editor (07-Sep-2026)" lacks the TrueVision module version (K2 H5: "<x.y.z> (TrueVision3D v2.N.0, DD-Mon-YYYY; read at <pin>)")   [baseline 01-Oct-2026]
  02__Src__AppModules/21__System__PresentationMode/Na__PresentationMode__DevMenu__SceneRowBuilders__.js
      WARN  :55    source-version-form  Source version "TrueVision v2.19.0 scene editor (07-Sep-2026)" lacks the TrueVision module version (K2 H5: "<x.y.z> (TrueVision3D v2.N.0, DD-Mon-YYYY; read at <pin>)")   [baseline 01-Oct-2026]
  02__Src__AppModules/21__System__PresentationMode/Na__PresentationMode__SceneGroups__Data__.js
      WARN  :47    source-version-form  Source version "1.0.0 (31-Aug-2026)" lacks the TrueVision3D app version (K2 H5: "<x.y.z> (TrueVision3D v2.N.0, DD-Mon-YYYY; read at <pin>)")   [baseline 01-Oct-2026]
  02__Src__AppModules/21__System__PresentationMode/Na__PresentationMode__Styles__SceneGroupSelector__.css
      WARN  :24    source-version-form  Source version "1.0.0 (31-Aug-2026)" lacks the TrueVision3D app version (K2 H5: "<x.y.z> (TrueVision3D v2.N.0, DD-Mon-YYYY; read at <pin>)")   [baseline 01-Oct-2026]
  02__Src__AppModules/21__System__PresentationMode/Na__PresentationMode__UI__SceneCarousel.js
      WARN  :56    source-version-form  Source version "TrueVision v2.18.0 carousel (07-Sep-2026); that file was itself ported from this one on 21" lacks the TrueVision module version (K2 H5: "<x.y.z> (TrueVision3D v2.N.0, DD-Mon-YYYY; read at <pin>)")   [baseline 01-Oct-2026]
      WARN  :95    log-order            11-Jun-2026 1.0.0 sits above 10-Jul-2026 1.1.0 (this log runs newest first, as TrueVision's do)   [baseline 01-Oct-2026]
      WARN  :98    log-order            10-Jul-2026 1.1.0 sits above 09-Sep-2026 1.2.0 (this log runs newest first, as TrueVision's do)   [baseline 01-Oct-2026]
  02__Src__AppModules/21__System__PresentationMode/Na__PresentationMode__UI__SceneGroupSelector__.js
      WARN  :44    source-version-form  Source version "1.0.0 (31-Aug-2026)" lacks the TrueVision3D app version (K2 H5: "<x.y.z> (TrueVision3D v2.N.0, DD-Mon-YYYY; read at <pin>)")   [baseline 01-Oct-2026]
  02__Src__AppModules/26__System__ToggleModelElements/Na__UiFeature__ModelToggle__Controls.js
      WARN  :34    source-version-form  Source version "TrueVision's file has no version line; SetCategoryVisibleByKey as it has stood since TrueV" lacks the TrueVision module version (K2 H5: "<x.y.z> (TrueVision3D v2.N.0, DD-Mon-YYYY; read at <pin>)")   [legacy: TrueVision's copy of this file has no module version (its log entries carry dates only), so the Source version names releases instead.]
  02__Src__AppModules/40__System__DrawingViewCore/Na__DrawView__ActiveView__.js
      WARN  :59    source-version-form  Source version "1.0.0 (07-Sep-2026)" lacks the TrueVision3D app version (K2 H5: "<x.y.z> (TrueVision3D v2.N.0, DD-Mon-YYYY; read at <pin>)")   [baseline 01-Oct-2026]
  02__Src__AppModules/40__System__DrawingViewCore/Na__DrawView__MarkupFocus__.js
      WARN  :46    source-version-form  Source version "1.1.0 (31-Aug-2026)" lacks the TrueVision3D app version (K2 H5: "<x.y.z> (TrueVision3D v2.N.0, DD-Mon-YYYY; read at <pin>)")   [baseline 01-Oct-2026]
  02__Src__AppModules/40__System__DrawingViewCore/Na__DrawView__MarkupMount__.js
      WARN  :51    source-version-form  Source version "1.0.0 (07-Sep-2026)" lacks the TrueVision3D app version (K2 H5: "<x.y.z> (TrueVision3D v2.N.0, DD-Mon-YYYY; read at <pin>)")   [baseline 01-Oct-2026]
  02__Src__AppModules/40__System__DrawingViewCore/Na__DrawView__Navigation__.js
      WARN  :44    source-version-form  Source version "1.0.0 (07-Sep-2026)" lacks the TrueVision3D app version (K2 H5: "<x.y.z> (TrueVision3D v2.N.0, DD-Mon-YYYY; read at <pin>)")   [baseline 01-Oct-2026]
  02__Src__AppModules/40__System__DrawingViewCore/Na__DrawView__SceneLinkRow__.js
      WARN  :39    source-version-form  Source version "1.0.0 (07-Sep-2026)" lacks the TrueVision3D app version (K2 H5: "<x.y.z> (TrueVision3D v2.N.0, DD-Mon-YYYY; read at <pin>)")   [baseline 01-Oct-2026]
  02__Src__AppModules/42__System__FloorPlanViews/Na__FloorPlan__Framing__.js
      WARN  :36    source-version-form  Source version "1.0.0 (31-Aug-2026)" lacks the TrueVision3D app version (K2 H5: "<x.y.z> (TrueVision3D v2.N.0, DD-Mon-YYYY; read at <pin>)")   [baseline 01-Oct-2026]
  02__Src__AppModules/42__System__FloorPlanViews/Na__FloorPlan__OrthoCamera__.js
      WARN  :38    source-version-form  Source version "1.0.0 (31-Aug-2026)" lacks the TrueVision3D app version (K2 H5: "<x.y.z> (TrueVision3D v2.N.0, DD-Mon-YYYY; read at <pin>)")   [baseline 01-Oct-2026]
  02__Src__AppModules/42__System__FloorPlanViews/Na__FloorPlan__SceneLink__.js
      WARN  :38    source-version-form  Source version "1.0.0 (31-Aug-2026)" lacks the TrueVision3D app version (K2 H5: "<x.y.z> (TrueVision3D v2.N.0, DD-Mon-YYYY; read at <pin>)")   [baseline 01-Oct-2026]
  02__Src__AppModules/42__System__FloorPlanViews/Na__FloorPlan__Styles__DevMenu__.css
      WARN  :20    source-version-form  Source version "none of its own - the sheet as TrueVision3D v2.87.0 left it, with its Storey Dropdown regi" lacks the TrueVision module version (K2 H5: "<x.y.z> (TrueVision3D v2.N.0, DD-Mon-YYYY; read at <pin>)")   [legacy: TrueVision's copy of this sheet has no module version, so the Source version names the release and the commit instead.]
  02__Src__AppModules/43__System__PlanAnnotations/Na__PlanAnnotations__Data__.js
      WARN  :37    source-version-form  Source version "1.0.0 (31-Aug-2026)" lacks the TrueVision3D app version (K2 H5: "<x.y.z> (TrueVision3D v2.N.0, DD-Mon-YYYY; read at <pin>)")   [baseline 01-Oct-2026]
  02__Src__AppModules/43__System__PlanAnnotations/Na__PlanAnnotations__Editor__.js
      WARN  :37    source-version-form  Source version "1.0.0 (31-Aug-2026)" lacks the TrueVision3D app version (K2 H5: "<x.y.z> (TrueVision3D v2.N.0, DD-Mon-YYYY; read at <pin>)")   [baseline 01-Oct-2026]
  02__Src__AppModules/43__System__PlanAnnotations/Na__PlanAnnotations__History__.js
      WARN  :32    source-version-form  Source version "1.1.0 (31-Aug-2026)" lacks the TrueVision3D app version (K2 H5: "<x.y.z> (TrueVision3D v2.N.0, DD-Mon-YYYY; read at <pin>)")   [baseline 01-Oct-2026]
  02__Src__AppModules/43__System__PlanAnnotations/Na__PlanAnnotations__Hotkeys__.js
      WARN  :39    source-version-form  Source version "1.0.0 (31-Aug-2026)" lacks the TrueVision3D app version (K2 H5: "<x.y.z> (TrueVision3D v2.N.0, DD-Mon-YYYY; read at <pin>)")   [baseline 01-Oct-2026]
  02__Src__AppModules/43__System__PlanAnnotations/Na__PlanAnnotations__Overlay__.js
      WARN  :44    source-version-form  Source version "1.1.0 (07-Sep-2026)" lacks the TrueVision3D app version (K2 H5: "<x.y.z> (TrueVision3D v2.N.0, DD-Mon-YYYY; read at <pin>)")   [baseline 01-Oct-2026]
  02__Src__AppModules/43__System__PlanAnnotations/Na__PlanAnnotations__Styles__.css
      WARN  :6     source-version       PORT NOTE says "Ported from : TrueVision3D" and has no "Source version" line (K2 H5: "- Source version: <x.y.z> (TrueVision3D v2.N.0, DD-Mon-YYYY; read at <pin>)")   [baseline 01-Oct-2026]
  02__Src__AppModules/44__System__PlanDimensions/Na__PlanDimensions__AxisLock__.js
      WARN  :51    source-version-form  Source version "1.0.0 (31-Aug-2026)" lacks the TrueVision3D app version (K2 H5: "<x.y.z> (TrueVision3D v2.N.0, DD-Mon-YYYY; read at <pin>)")   [baseline 01-Oct-2026]
  02__Src__AppModules/44__System__PlanDimensions/Na__PlanDimensions__ClientMode__.js
      WARN  :41    source-version-form  Source version "1.0.0 (31-Aug-2026)" lacks the TrueVision3D app version (K2 H5: "<x.y.z> (TrueVision3D v2.N.0, DD-Mon-YYYY; read at <pin>)")   [baseline 01-Oct-2026]
  02__Src__AppModules/44__System__PlanDimensions/Na__PlanDimensions__ConfigState__.js
      WARN  :30    source-version-form  Source version "1.0.0 (31-Aug-2026)" lacks the TrueVision3D app version (K2 H5: "<x.y.z> (TrueVision3D v2.N.0, DD-Mon-YYYY; read at <pin>)")   [baseline 01-Oct-2026]
  02__Src__AppModules/44__System__PlanDimensions/Na__PlanDimensions__Crosshair__.js
      WARN  :40    source-version-form  Source version "1.0.0 (31-Aug-2026)" lacks the TrueVision3D app version (K2 H5: "<x.y.z> (TrueVision3D v2.N.0, DD-Mon-YYYY; read at <pin>)")   [baseline 01-Oct-2026]
  02__Src__AppModules/44__System__PlanDimensions/Na__PlanDimensions__Data__.js
      WARN  :38    source-version-form  Source version "1.0.0 (31-Aug-2026)" lacks the TrueVision3D app version (K2 H5: "<x.y.z> (TrueVision3D v2.N.0, DD-Mon-YYYY; read at <pin>)")   [baseline 01-Oct-2026]
  02__Src__AppModules/44__System__PlanDimensions/Na__PlanDimensions__Disclaimer__.js
      WARN  :38    source-version-form  Source version "1.0.0 (31-Aug-2026)" lacks the TrueVision3D app version (K2 H5: "<x.y.z> (TrueVision3D v2.N.0, DD-Mon-YYYY; read at <pin>)")   [baseline 01-Oct-2026]
  02__Src__AppModules/44__System__PlanDimensions/Na__PlanDimensions__Editor__.js
      WARN  :43    source-version-form  Source version "1.0.0 (31-Aug-2026)" lacks the TrueVision3D app version (K2 H5: "<x.y.z> (TrueVision3D v2.N.0, DD-Mon-YYYY; read at <pin>)")   [baseline 01-Oct-2026]
  02__Src__AppModules/44__System__PlanDimensions/Na__PlanDimensions__EditorPreview__.js
      WARN  :29    source-version-form  Source version "1.0.0 (31-Aug-2026)" lacks the TrueVision3D app version (K2 H5: "<x.y.z> (TrueVision3D v2.N.0, DD-Mon-YYYY; read at <pin>)")   [baseline 01-Oct-2026]
  02__Src__AppModules/44__System__PlanDimensions/Na__PlanDimensions__Grid__.js
      WARN  :51    source-version-form  Source version "1.0.0 (31-Aug-2026)" lacks the TrueVision3D app version (K2 H5: "<x.y.z> (TrueVision3D v2.N.0, DD-Mon-YYYY; read at <pin>)")   [baseline 01-Oct-2026]
  02__Src__AppModules/44__System__PlanDimensions/Na__PlanDimensions__History__.js
      WARN  :31    source-version-form  Source version "1.0.0 (31-Aug-2026)" lacks the TrueVision3D app version (K2 H5: "<x.y.z> (TrueVision3D v2.N.0, DD-Mon-YYYY; read at <pin>)")   [baseline 01-Oct-2026]
  02__Src__AppModules/44__System__PlanDimensions/Na__PlanDimensions__Hotkeys__.js
      WARN  :40    source-version-form  Source version "1.0.0 (31-Aug-2026)" lacks the TrueVision3D app version (K2 H5: "<x.y.z> (TrueVision3D v2.N.0, DD-Mon-YYYY; read at <pin>)")   [baseline 01-Oct-2026]
  02__Src__AppModules/44__System__PlanDimensions/Na__PlanDimensions__Overlay__.js
      WARN  :44    source-version-form  Source version "1.0.0 (31-Aug-2026)" lacks the TrueVision3D app version (K2 H5: "<x.y.z> (TrueVision3D v2.N.0, DD-Mon-YYYY; read at <pin>)")   [baseline 01-Oct-2026]
  02__Src__AppModules/44__System__PlanDimensions/Na__PlanDimensions__VertexEditor__.js
      WARN  :44    source-version-form  Source version "1.0.0 (31-Aug-2026)" lacks the TrueVision3D app version (K2 H5: "<x.y.z> (TrueVision3D v2.N.0, DD-Mon-YYYY; read at <pin>)")   [baseline 01-Oct-2026]
  02__Src__AppModules/45__System__ElevationViews/Na__Elevation__ConfigState__.js
      WARN  :39    source-version-form  Source version "1.0.0 (07-Sep-2026)" lacks the TrueVision3D app version (K2 H5: "<x.y.z> (TrueVision3D v2.N.0, DD-Mon-YYYY; read at <pin>)")   [baseline 01-Oct-2026]
  02__Src__AppModules/45__System__ElevationViews/Na__Elevation__Framing__.js
      WARN  :43    source-version-form  Source version "1.0.0 (07-Sep-2026)" lacks the TrueVision3D app version (K2 H5: "<x.y.z> (TrueVision3D v2.N.0, DD-Mon-YYYY; read at <pin>)")   [baseline 01-Oct-2026]
  02__Src__AppModules/45__System__ElevationViews/Na__Elevation__OrthoCamera__.js
      WARN  :41    source-version-form  Source version "1.0.0 (07-Sep-2026)" lacks the TrueVision3D app version (K2 H5: "<x.y.z> (TrueVision3D v2.N.0, DD-Mon-YYYY; read at <pin>)")   [baseline 01-Oct-2026]
  02__Src__AppModules/45__System__ElevationViews/Na__Elevation__PlaneGizmo__.js
      WARN  :50    source-version-form  Source version "1.0.0 (07-Sep-2026)" lacks the TrueVision3D app version (K2 H5: "<x.y.z> (TrueVision3D v2.N.0, DD-Mon-YYYY; read at <pin>)")   [baseline 01-Oct-2026]
  02__Src__AppModules/45__System__ElevationViews/Na__Elevation__SceneLink__.js
      WARN  :43    source-version-form  Source version "1.0.0 (07-Sep-2026)" lacks the TrueVision3D app version (K2 H5: "<x.y.z> (TrueVision3D v2.N.0, DD-Mon-YYYY; read at <pin>)")   [baseline 01-Oct-2026]
  02__Src__AppModules/45__System__ElevationViews/Na__Elevation__Styles__DevMenu__.css
      WARN  :21    source-version-form  Source version "none of its own - the sheet as TrueVision3D v2.86.0 left it, with its Name, and Which Elev" lacks the TrueVision module version (K2 H5: "<x.y.z> (TrueVision3D v2.N.0, DD-Mon-YYYY; read at <pin>)")   [legacy: TrueVision's copy of this sheet has no module version, so the Source version names the release and the commit instead.]
  02__Src__AppModules/46__System__NorthDirection/Na__North__Compass__.js
      WARN  :43    source-version       PORT NOTE says "Ported from : TrueVision3D" and has no "Source version" line (K2 H5: "- Source version: <x.y.z> (TrueVision3D v2.N.0, DD-Mon-YYYY; read at <pin>)")   [baseline 01-Oct-2026]
  02__Src__AppModules/46__System__NorthDirection/Na__North__ConfigState__.js
      WARN  :33    source-version       PORT NOTE says "Ported from : TrueVision3D" and has no "Source version" line (K2 H5: "- Source version: <x.y.z> (TrueVision3D v2.N.0, DD-Mon-YYYY; read at <pin>)")   [baseline 01-Oct-2026]
  02__Src__AppModules/46__System__NorthDirection/Na__North__PickTool__.js
      WARN  :42    source-version       PORT NOTE says "Ported from : TrueVision3D" and has no "Source version" line (K2 H5: "- Source version: <x.y.z> (TrueVision3D v2.N.0, DD-Mon-YYYY; read at <pin>)")   [baseline 01-Oct-2026]
  02__Src__AppModules/46__System__NorthDirection/Na__North__Styles__DevMenu__.css
      WARN  :21    source-version       PORT NOTE says "Ported from : TrueVision3D" and has no "Source version" line (K2 H5: "- Source version: <x.y.z> (TrueVision3D v2.N.0, DD-Mon-YYYY; read at <pin>)")   [baseline 01-Oct-2026]
  02__Src__AppModules/47__System__DrawingPlanes/Na__DrawingPlanes__Styles__DevMenu__.css
      WARN  :22    source-version-form  Source version "none of its own - the sheet as TrueVision3D v2.82.0 left it (20-Sep-2026, commit 66cdd175;" lacks the TrueVision module version (K2 H5: "<x.y.z> (TrueVision3D v2.N.0, DD-Mon-YYYY; read at <pin>)")   [legacy: TrueVision's copy of this sheet has no module version, so the Source version names the release and the commit instead.]
  02__Src__AppModules/49__System__ElevationDepthFog/Na__ElevationDepthFog__Styles__DevMenu__.css
      WARN  :21    source-version-form  Source version "none of its own - the sheet as TrueVision3D v2.94.0 left it (20-Sep-2026, commit 62dade1c;" lacks the TrueVision module version (K2 H5: "<x.y.z> (TrueVision3D v2.N.0, DD-Mon-YYYY; read at <pin>)")   [legacy: TrueVision's copy of this sheet has no module version, so the Source version names the release and the commit instead.]
  02__Src__AppModules/50__System__ProjectedLinework/Na__ProjectedLinework__Owners__.js
      WARN  :56    source-version       PORT NOTE says "Ported from : TrueVision3D" and has no "Source version" line (K2 H5: "- Source version: <x.y.z> (TrueVision3D v2.N.0, DD-Mon-YYYY; read at <pin>)")   [baseline 01-Oct-2026]
  02__Src__AppModules/51__System__LayoutEditor/07__Core__SheetData/Na__LayoutEditor__History__.js
      WARN  :84    log-order            14-Sep-2026 1.3.0 sits above 19-Sep-2026 1.3.0 (this log runs newest first, as TrueVision's do)   [legacy: TrueVision's DEVELOPMENT LOG, taken verbatim (DR-34 (a)), gives 1.3.0 twice - 14-Sep-2026 (the selection set) and 19-Sep-2026 (the common fields), the second below the first - so its order and repeat findings print WARN until TrueVision renumbers its own log (WT-08). This app's 1.4.2 had renumbered its copy (W0-06).]
      WARN  :88    log-duplicate        version 1.3.0 appears twice in the DEVELOPMENT LOG (also line 84)   [legacy: TrueVision's DEVELOPMENT LOG, taken verbatim (DR-34 (a)), gives 1.3.0 twice - 14-Sep-2026 (the selection set) and 19-Sep-2026 (the common fields), the second below the first - so its order and repeat findings print WARN until TrueVision renumbers its own log (WT-08). This app's 1.4.2 had renumbered its copy (W0-06).]
  02__Src__AppModules/51__System__LayoutEditor/10__Core__SheetSurface/Na__LayoutEditor__Styles__Surfaces__.css
      WARN  :37    source-version-form  Source version "none of its own - the sheet as TrueVision3D v2.72.0 wrote it (19-Sep-2026; read at b2aa915" lacks the TrueVision module version (K2 H5: "<x.y.z> (TrueVision3D v2.N.0, DD-Mon-YYYY; read at <pin>)")   [legacy: a stylesheet carries no module version, so the Source version names the release that wrote it.]
  02__Src__AppModules/51__System__LayoutEditor/15__Core__Markup/Na__LayoutEditor__MarkupBridge__.js
      WARN  :134   log-duplicate        version 1.12.0 appears twice in the DEVELOPMENT LOG (also line 123)   [legacy: TrueVision's DEVELOPMENT LOG, taken verbatim (DR-34), names 1.12.0 twice (17-Sep-2026 and 14-Sep-2026) - TrueVision's own numbering, kept as written.]
  02__Src__AppModules/51__System__LayoutEditor/20__System__Viewports/Na__LayoutEditor__ForceRender__.js
      WARN  :41    source-version       PORT NOTE says "Ported from : TrueVision3D" and has no "Source version" line (K2 H5: "- Source version: <x.y.z> (TrueVision3D v2.N.0, DD-Mon-YYYY; read at <pin>)")   [baseline 01-Oct-2026]
  02__Src__AppModules/51__System__LayoutEditor/20__System__Viewports/Na__LayoutEditor__Viewport3dZoom__.js
      WARN  :55    source-version       PORT NOTE says "Ported from : TrueVision3D" and has no "Source version" line (K2 H5: "- Source version: <x.y.z> (TrueVision3D v2.N.0, DD-Mon-YYYY; read at <pin>)")   [baseline 01-Oct-2026]
  02__Src__AppModules/51__System__LayoutEditor/20__System__Viewports/Na__LayoutEditor__ViewportClipboard__.js
      WARN  :94    source-version       PORT NOTE says "Ported from : TrueVision3D" and has no "Source version" line (K2 H5: "- Source version: <x.y.z> (TrueVision3D v2.N.0, DD-Mon-YYYY; read at <pin>)")   [baseline 01-Oct-2026]
  02__Src__AppModules/51__System__LayoutEditor/20__System__Viewports/Na__LayoutEditor__ViewportIdentity__.js
      WARN  :49    source-version       PORT NOTE says "Ported from : TrueVision3D" and has no "Source version" line (K2 H5: "- Source version: <x.y.z> (TrueVision3D v2.N.0, DD-Mon-YYYY; read at <pin>)")   [baseline 01-Oct-2026]
  02__Src__AppModules/51__System__LayoutEditor/25__System__RenderStyles/Na__LayoutEditor__EdgeStyles__.js
      WARN  :47    source-version       PORT NOTE says "Ported from : TrueVision3D" and has no "Source version" line (K2 H5: "- Source version: <x.y.z> (TrueVision3D v2.N.0, DD-Mon-YYYY; read at <pin>)")   [baseline 01-Oct-2026]
  02__Src__AppModules/51__System__LayoutEditor/25__System__RenderStyles/Na__LayoutEditor__ModelLayers__.js
      WARN  :32    source-version       PORT NOTE says "Ported from : TrueVision3D" and has no "Source version" line (K2 H5: "- Source version: <x.y.z> (TrueVision3D v2.N.0, DD-Mon-YYYY; read at <pin>)")   [baseline 01-Oct-2026]
  02__Src__AppModules/51__System__LayoutEditor/26__System__DraftMode/Na__LayoutEditor__Styles__DraftMode__.css
      WARN  :32    source-version-form  Source version "none of its own - the sheet carries no version or log; taken as TrueVision3D v2.111.0 left" lacks the TrueVision module version (K2 H5: "<x.y.z> (TrueVision3D v2.N.0, DD-Mon-YYYY; read at <pin>)")   [legacy: the sheet has no module version and no DEVELOPMENT LOG in TrueVision, so the Source version line names the release that last changed it.]
  02__Src__AppModules/51__System__LayoutEditor/27__System__DrawingGrid/Na__LayoutEditor__Styles__DrawingGrid__.css
      WARN  :26    source-version-form  Source version "none of its own - the sheet carries no version or log; taken as TrueVision3D v2.129.0 left" lacks the TrueVision module version (K2 H5: "<x.y.z> (TrueVision3D v2.N.0, DD-Mon-YYYY; read at <pin>)")   [legacy: the sheet has no module version and no DEVELOPMENT LOG in TrueVision, so the Source version line names the release that last changed it.]
  02__Src__AppModules/51__System__LayoutEditor/28__System__ObjectSnap/Na__LayoutEditor__ObjectSnap__Marker__.js
      WARN  :88    log-order            version 1.0.0 sits above 1.1.0 (this log runs newest first, as TrueVision's do)   [legacy: the DEVELOPMENT LOG is TrueVision's verbatim (K2 H6, DR-34 (a)), and TrueVision's own log runs 1.0.0 above 1.1.0 (both 21-Sep-2026).]
  02__Src__AppModules/51__System__LayoutEditor/28__System__ObjectSnap/Na__LayoutEditor__Styles__ObjectSnap__.css
      WARN  :37    source-version-form  Source version "none of its own - the sheet carries no version or log; taken as TrueVision3D v2.149.0 left" lacks the TrueVision module version (K2 H5: "<x.y.z> (TrueVision3D v2.N.0, DD-Mon-YYYY; read at <pin>)")   [legacy: the sheet has no module version and no DEVELOPMENT LOG in TrueVision, so the Source version line names the release that last changed it.]
  02__Src__AppModules/51__System__LayoutEditor/33__System__DrawingAxes/Na__LayoutEditor__Styles__DrawingAxes__.css
      WARN  :31    source-version-form  Source version "none of its own - the sheet carries no version or log; taken as TrueVision3D v2.131.0 left" lacks the TrueVision module version (K2 H5: "<x.y.z> (TrueVision3D v2.N.0, DD-Mon-YYYY; read at <pin>)")   [legacy: the sheet has no module version and no DEVELOPMENT LOG in TrueVision, so the Source version line names the release that last changed it.]
  02__Src__AppModules/51__System__LayoutEditor/35__System__DrawingTools/Na__LayoutEditor__ShapeTool__.js
      WARN  :46    source-version       PORT NOTE says "Ported from : TrueVision3D" and has no "Source version" line (K2 H5: "- Source version: <x.y.z> (TrueVision3D v2.N.0, DD-Mon-YYYY; read at <pin>)")   [baseline 01-Oct-2026]
  02__Src__AppModules/51__System__LayoutEditor/36__System__HatchPatternTools/Na__LayoutEditor__Styles__Patterns__.css
      WARN  :10    source-version-form  Source version "none of its own - the sheet carries no version or log; taken as TrueVision3D created it wi" lacks the TrueVision module version (K2 H5: "<x.y.z> (TrueVision3D v2.N.0, DD-Mon-YYYY; read at <pin>)")   [legacy: the sheet has no module version and no DEVELOPMENT LOG in TrueVision, so the Source version line names the change that created it (R6 OC-07).]
  02__Src__AppModules/51__System__LayoutEditor/37__System__VectorTools/Na__LayoutEditor__Styles__VectorTools__.css
      WARN  :25    source-version-form  Source version "none of its own - the sheet carries no version or log; taken as TrueVision3D v2.150.0 left" lacks the TrueVision module version (K2 H5: "<x.y.z> (TrueVision3D v2.N.0, DD-Mon-YYYY; read at <pin>)")   [legacy: the sheet has no module version and no DEVELOPMENT LOG in TrueVision, so the Source version line names the release that last changed it (R6 OC-07).]
  02__Src__AppModules/51__System__LayoutEditor/40__Ui__Panels/Na__LayoutEditor__Panel__Leaders__.js
      WARN  :40    source-version       PORT NOTE says "Ported from : TrueVision3D" and has no "Source version" line (K2 H5: "- Source version: <x.y.z> (TrueVision3D v2.N.0, DD-Mon-YYYY; read at <pin>)")   [baseline 01-Oct-2026]
  02__Src__AppModules/51__System__LayoutEditor/40__Ui__Panels/Na__LayoutEditor__Panel__ModelLayers__.js
      WARN  :36    source-version       PORT NOTE says "Ported from : TrueVision3D" and has no "Source version" line (K2 H5: "- Source version: <x.y.z> (TrueVision3D v2.N.0, DD-Mon-YYYY; read at <pin>)")   [baseline 01-Oct-2026]
  02__Src__AppModules/51__System__LayoutEditor/50__Feature__Specification/Na__LayoutEditor__Styles__Specification__.css
      WARN  :18    source-version-form  Source version "none of its own - the sheet as TrueVision3D v2.163.0 left it (29-Sep-2026; read at b2aa915" lacks the TrueVision module version (K2 H5: "<x.y.z> (TrueVision3D v2.N.0, DD-Mon-YYYY; read at <pin>)")   [legacy: TrueVision's copy of this sheet has no module version, so the Source version names the release that left it instead.]
  02__Src__AppModules/51__System__LayoutEditor/50__Feature__Specification/Na__LayoutEditor__Styles__Specification__Notes__.css
      WARN  :7     source-version-form  Source version "none of its own - the sheet as TrueVision3D v2.147.0 left it (22-Sep-2026; read at b2aa915" lacks the TrueVision module version (K2 H5: "<x.y.z> (TrueVision3D v2.N.0, DD-Mon-YYYY; read at <pin>)")   [legacy: TrueVision's copy of this sheet has no module version, so the Source version names the release that left it instead.]
  02__Src__AppModules/51__System__LayoutEditor/55__Feature__Scrapbook/Na__LayoutEditor__Scrapbook__.js
      WARN  :34    source-version       PORT NOTE says "Ported from : TrueVision3D" and has no "Source version" line (K2 H5: "- Source version: <x.y.z> (TrueVision3D v2.N.0, DD-Mon-YYYY; read at <pin>)")   [baseline 01-Oct-2026]
  02__Src__AppModules/51__System__LayoutEditor/56__Feature__ScrapbookCustom/Na__LayoutEditor__Panel__ScrapbookCustom__.js
      WARN  :37    source-version       PORT NOTE says "Ported from : TrueVision3D" and has no "Source version" line (K2 H5: "- Source version: <x.y.z> (TrueVision3D v2.N.0, DD-Mon-YYYY; read at <pin>)")   [baseline 01-Oct-2026]
  02__Src__AppModules/51__System__LayoutEditor/56__Feature__ScrapbookCustom/Na__LayoutEditor__ScrapbookCustom__.js
      WARN  :43    source-version       PORT NOTE says "Ported from : TrueVision3D" and has no "Source version" line (K2 H5: "- Source version: <x.y.z> (TrueVision3D v2.N.0, DD-Mon-YYYY; read at <pin>)")   [baseline 01-Oct-2026]
  02__Src__AppModules/51__System__LayoutEditor/56__Feature__ScrapbookCustom/Na__LayoutEditor__ScrapbookCustom__Transport__.js
      WARN  :42    source-version       PORT NOTE says "Ported from : TrueVision3D" and has no "Source version" line (K2 H5: "- Source version: <x.y.z> (TrueVision3D v2.N.0, DD-Mon-YYYY; read at <pin>)")   [baseline 01-Oct-2026]
  02__Src__AppModules/51__System__LayoutEditor/56__Feature__ScrapbookCustom/Na__LayoutEditor__Styles__ScrapbookCustom__.css
      WARN  :19    source-version       PORT NOTE says "Ported from : TrueVision3D" and has no "Source version" line (K2 H5: "- Source version: <x.y.z> (TrueVision3D v2.N.0, DD-Mon-YYYY; read at <pin>)")   [baseline 01-Oct-2026]
  02__Src__AppModules/51__System__LayoutEditor/57__Feature__ScrapbookParametric/Na__LayoutEditor__Panel__ScrapbookParametric__.js
      WARN  :45    source-version       PORT NOTE says "Ported from : TrueVision3D" and has no "Source version" line (K2 H5: "- Source version: <x.y.z> (TrueVision3D v2.N.0, DD-Mon-YYYY; read at <pin>)")   [baseline 01-Oct-2026]
  02__Src__AppModules/51__System__LayoutEditor/57__Feature__ScrapbookParametric/Na__LayoutEditor__ScrapbookParametric__ViewportLink__.js
      WARN  :132   log-order            20-Sep-2026 1.3.0 sits above 21-Sep-2026 1.3.0 (this log runs newest first, as TrueVision's do)   [legacy: TrueVision's DEVELOPMENT LOG, taken verbatim (DR-34), carries two 1.3.0 entries (20-Sep-2026 ViewLevel above 21-Sep-2026 linkable) - TrueVision's own numbering, kept as written.]
      WARN  :138   log-duplicate        version 1.3.0 appears twice in the DEVELOPMENT LOG (also line 132)   [legacy: TrueVision's DEVELOPMENT LOG, taken verbatim (DR-34), carries two 1.3.0 entries (20-Sep-2026 ViewLevel above 21-Sep-2026 linkable) - TrueVision's own numbering, kept as written.]
  02__Src__AppModules/51__System__LayoutEditor/80__Feature__WebViewer/Na__LayoutEditor__WebViewer__.js
      WARN  :52    source-version       PORT NOTE says "Ported from : TrueVision3D" and has no "Source version" line (K2 H5: "- Source version: <x.y.z> (TrueVision3D v2.N.0, DD-Mon-YYYY; read at <pin>)")   [baseline 01-Oct-2026]
  02__Src__AppModules/51__System__LayoutEditor/80__Feature__WebViewer/Na__LayoutEditor__WebViewer__Drawings__.js
      WARN  :41    source-version       PORT NOTE says "Ported from : TrueVision3D" and has no "Source version" line (K2 H5: "- Source version: <x.y.z> (TrueVision3D v2.N.0, DD-Mon-YYYY; read at <pin>)")   [baseline 01-Oct-2026]
  02__Src__AppModules/51__System__LayoutEditor/80__Feature__WebViewer/Na__LayoutEditor__WebViewer__Spec__.js
      WARN  :45    source-version       PORT NOTE says "Ported from : TrueVision3D" and has no "Source version" line (K2 H5: "- Source version: <x.y.z> (TrueVision3D v2.N.0, DD-Mon-YYYY; read at <pin>)")   [baseline 01-Oct-2026]
  02__Src__AppModules/51__System__LayoutEditor/80__Feature__WebViewer/Na__LayoutEditor__WebViewer__TouchControls__.js
      WARN  :50    source-version       PORT NOTE says "Ported from : TrueVision3D" and has no "Source version" line (K2 H5: "- Source version: <x.y.z> (TrueVision3D v2.N.0, DD-Mon-YYYY; read at <pin>)")   [baseline 01-Oct-2026]
  02__Src__AppModules/54__Feature__ColourPalette/Na__ColourPalette__Styles__.css
      WARN  :29    source-version-form  Source version "none of its own - the sheet as TrueVision3D v2.133.0 left it (21-Sep-2026, commit 7ab70638" lacks the TrueVision module version (K2 H5: "<x.y.z> (TrueVision3D v2.N.0, DD-Mon-YYYY; read at <pin>)")   [legacy: TrueVision's copy of this sheet has no module version, so the Source version names the release and the commit instead.]
  02__Src__AppModules/70__System__DevTools/Na__UiFeature__ProfileLines__Controls.js
      WARN  :23    log-order            11-Mar-2026 1.0.0 sits above 16-Sep-2026 1.2.0 (this log runs newest first)   [baseline 01-Oct-2026]
  80__Testing__PrototypeEnvironment/Na__Test__ElevationGeometry__.html
      WARN  :10    source-version-form  Source version "none of its own - the page as TrueVision3D v2.20.0 left it (10-Sep-2026, commit e654e8f7, " lacks the TrueVision module version (K2 H5: "<x.y.z> (TrueVision3D v2.N.0, DD-Mon-YYYY; read at <pin>)")   [legacy: TrueVision's page has no version of its own, so the Source version names the release and the commit instead.]
  80__Testing__PrototypeEnvironment/Na__Test__NorthCompass__.test.mjs
      WARN  :29    source-version       PORT NOTE says "Ported from : TrueVision3D" and has no "Source version" line (K2 H5: "- Source version: <x.y.z> (TrueVision3D v2.N.0, DD-Mon-YYYY; read at <pin>)")   [baseline 01-Oct-2026]
  80__Testing__PrototypeEnvironment/Na__Test__ScrapbookApi__.test.py
      WARN  :31    source-version       PORT NOTE says "Ported from : TrueVision3D" and has no "Source version" line (K2 H5: "- Source version: <x.y.z> (TrueVision3D v2.N.0, DD-Mon-YYYY; read at <pin>)")   [baseline 01-Oct-2026]
  80__Testing__PrototypeEnvironment/Na__Test__ScrapbookServer__.py
      WARN  :41    source-version       PORT NOTE says "Ported from : TrueVision3D" and has no "Source version" line (K2 H5: "- Source version: <x.y.z> (TrueVision3D v2.N.0, DD-Mon-YYYY; read at <pin>)")   [baseline 01-Oct-2026]
  80__Testing__PrototypeEnvironment/Na__Test__TitleBlockScaleCell__.html
      WARN  :20    source-version-form  Source version "none of its own - the page as TrueVision3D v2.155.0 left it (23-Sep-2026; v2.61.0 made it " lacks the TrueVision module version (K2 H5: "<x.y.z> (TrueVision3D v2.N.0, DD-Mon-YYYY; read at <pin>)")   [legacy: a test page carries no module version, so the Source version names the releases that wrote it.]

  PENDING  185 release placeholder(s) in 169 file(s), for the wave's Parity Scribe: W2-01 x5, W2-02 x3, W2-03 x7, W2-04 x5, W2-05 x8, W2-06 x14, W2-07 x3, W2-09 x3, W2-10 x2, W2-11 x1, W2-12 x2, W2-13 x3, W2-14 x6, W2-15 x2, W2-18 x9, W2-19 x16, W2-20 x3, W2-21 x8, W2-22 x1, W2-23 x1, W2-24 x3, W2-25 x4, W2-26 x4, W2-27 x5, W2-28 x6, W2-29 x3, W2-30 x11, W2-31 x4, W2-32 x8, W2-34 x7, W2-37 x10, W2-40 x4, W2-41 x5, W2-42 x6, W2-43 x3

  WATERMARK  TrueVision D:\11_RefLib__StudioRepository__RemoteSystem\NaWeb\na-apps\30__TrueVision__CoreAppCode at b2aa9151 (git)
  The TrueVision DEVELOPMENT LOG entries dated after this app's newest log entry (the S11 c.1 rule; same-day entries are not flagged):
    02__Src__AppModules/01__AppCore/AppCore__DataLib__Loader.js
        this app 10-Jun-2026 | TrueVision - | after: -
    02__Src__AppModules/01__AppCore/Na__AppFlow__LoadingSequence.js
        this app 02-Oct-2026 | TrueVision 1.3.1 | after: -
    02__Src__AppModules/03__AppUtils/Na__AppUtils__ConfirmDialog.js
        this app 29-Apr-2026 | TrueVision 1.0.0 | after: -
    02__Src__AppModules/03__AppUtils/Na__AppUtils__DevGate__.js
        this app 18-Sep-2026 | TrueVision 1.1.0 | after: -
    02__Src__AppModules/03__AppUtils/Na__AppUtils__KeyScope__.js
        this app 21-Sep-2026 | TrueVision 1.1.0 | after: -
    02__Src__AppModules/03__AppUtils/Na__AppUtils__LocalProjectMirror__.js
        this app 01-Oct-2026 | TrueVision 1.2.0 | after: -
    02__Src__AppModules/03__AppUtils/Na__AppUtils__ProjectLoader.js
        this app 01-Oct-2026 | TrueVision 2.0.1 | after: -
    02__Src__AppModules/03__AppUtils/Na__AppUtils__R2AssetUpload__.js
        this app 01-Oct-2026 | TrueVision 1.0.1 | after: -
    02__Src__AppModules/03__AppUtils/Na__AppUtils__SnapshotHistory.js
        this app 09-Sep-2026 | TrueVision 1.0.0 | after: -
    02__Src__AppModules/05__RenderPipeline/Na__RenderEffect__DistanceCulling__.js
        this app 01-Oct-2026 | TrueVision 1.2.0 | after: -
    02__Src__AppModules/05__RenderPipeline/Na__RenderEffect__ProfileLines__.js
        this app 10-Mar-2026 | TrueVision 1.0.0 | after: -
    02__Src__AppModules/05__RenderPipeline/Na__RenderEffect__ProgressiveRefine__.js
        this app 17-Sep-2026 | TrueVision 1.0.1 | after: -
    02__Src__AppModules/05__RenderPipeline/Na__RenderEffect__SectionClipping__State.js
        this app 14-Jul-2026 | TrueVision 1.0.0 | after: 31-Aug 1.0.0
    02__Src__AppModules/05__RenderPipeline/Na__RenderEffect__Supersampler__.js
        this app 01-Oct-2026 | TrueVision 1.0.0 | after: -
    02__Src__AppModules/05__RenderPipeline/Na__RenderLoop__InteractiveOverlays__.js
        this app 20-Sep-2026 | TrueVision 1.0.0 | after: -
    02__Src__AppModules/05__RenderPipeline/Na__RenderLoop__Invalidation.js
        this app 01-Oct-2026 | TrueVision - | after: -
    02__Src__AppModules/05__RenderPipeline/Na__UiFeature__VisualEffects__Controls.js
        this app 16-Sep-2026 | TrueVision 1.0.0 | after: -
    02__Src__AppModules/06__Scene__LightingEffects/Na__Scene__PerSceneLighting__.js
        this app 28-Sep-2026 | TrueVision 1.0.0 | after: -
    02__Src__AppModules/07__Scene__EnvironmentEffects/Na__RenderEffect__AmbientOcclusion__.js
        this app 10-Jun-2026 | TrueVision - | after: -
    02__Src__AppModules/07__Scene__EnvironmentEffects/Na__RenderEffect__AmbientOcclusion__Shader.js
        this app 10-Jun-2026 | TrueVision - | after: -
    02__Src__AppModules/10__NavigationAndCameras/Na__Camera__ProjectStartState.js
        this app 10-Jun-2026 | TrueVision 1.0.0 | after: 21-Jun 1.0.0
    02__Src__AppModules/10__NavigationAndCameras/Na__DefaultNavmode__IpadControls.js
        this app 10-Jun-2026 | TrueVision - | after: -
    02__Src__AppModules/10__NavigationAndCameras/Na__DefaultNavmode__MouseControls.js
        this app 28-Jul-2026 | TrueVision - | after: -
    02__Src__AppModules/10__NavigationAndCameras/Na__NavigationModes__State.js
        this app 21-Aug-2026 | TrueVision 1.0.0 | after: -
    02__Src__AppModules/10__NavigationAndCameras/Na__NavigationModes__Switcher.js
        this app 11-Sep-2026 | TrueVision 1.0.0 | after: -
    02__Src__AppModules/10__NavigationAndCameras/Na__Navmode__FlyMode__DesktopControls.js
        this app 09-Jun-2026 | TrueVision 1.0.0 | after: -
    02__Src__AppModules/10__NavigationAndCameras/Na__Navmode__FlyMode__SystemLogic.js
        this app 11-Sep-2026 | TrueVision 1.0.0 | after: -
    02__Src__AppModules/10__NavigationAndCameras/Na__Navmode__FlyMode__TouchScreenControls.js
        this app 09-Jun-2026 | TrueVision 1.0.0 | after: -
    02__Src__AppModules/10__NavigationAndCameras/Na__Navmode__ModeTransition.js
        this app 09-Jun-2026 | TrueVision 1.0.0 | after: -
    02__Src__AppModules/10__NavigationAndCameras/Na__Navmode__OrbitMode__SystemLogic.js
        this app 10-Jun-2026 | TrueVision - | after: -
    02__Src__AppModules/10__NavigationAndCameras/Na__Navmode__WalkMode__DesktopControls.js
        this app 23-Feb-2026 | TrueVision 1.0.0 | after: -
    02__Src__AppModules/10__NavigationAndCameras/Na__Navmode__WalkMode__SystemLogic.js
        this app 11-Sep-2026 | TrueVision 1.0.0 | after: -
    02__Src__AppModules/10__NavigationAndCameras/Na__Navmode__WalkMode__TouchScreenControls.js
        this app 23-Feb-2026 | TrueVision 1.0.0 | after: -
    02__Src__AppModules/10__NavigationAndCameras/Na__UiFeature__FlyModeControls.js
        this app 02-Oct-2026 | TrueVision 1.0.0 | after: -
    02__Src__AppModules/10__NavigationAndCameras/Na__UiFeature__FlyModeEventListeners.js
        this app 09-Jun-2026 | TrueVision 1.1.0 | after: 22-Jun 1.1.0
    02__Src__AppModules/10__NavigationAndCameras/Na__UiFeature__NavigationHelpPanel__Controls.js
        this app 01-Oct-2026 | TrueVision 1.0.0 | after: -
    02__Src__AppModules/10__NavigationAndCameras/Na__UiFeature__NavigationToolbar__Controls.js
        this app 16-Sep-2026 | TrueVision 1.2.0 | after: -
    02__Src__AppModules/10__NavigationAndCameras/Na__UiFeature__WalkModeControls.js
        this app 09-Jun-2026 | TrueVision 1.0.0 | after: 21-Sep 1.0.1
    02__Src__AppModules/10__NavigationAndCameras/Na__UiFeature__WalkModeEventListeners.js
        this app 24-Feb-2026 | TrueVision 1.1.0 | after: 22-Jun 1.1.0
    02__Src__AppModules/11__CameraUtils/Na__UiFeature__OrbitMaxDistance__DevControls.js
        this app 26-Jun-2026 | TrueVision 1.0.0 | after: -
    02__Src__AppModules/11__CameraUtils/Na__UiFeature__SaveCameraSettings.js
        this app 26-Jun-2026 | TrueVision 2.0.0 | after: -
    02__Src__AppModules/15__ModelLoader/Na__ModelLoader__ContentStamp__.js
        this app 18-Sep-2026 | TrueVision 1.0.0 | after: -
    02__Src__AppModules/15__ModelLoader/Na__ModelLoader__MultiModel.js
        this app 01-Oct-2026 | TrueVision 1.4.0 | after: -
    02__Src__AppModules/20__System__MaterialsSystem/Na__MaterialsSystem__LibraryLoader.js
        this app 10-Jun-2026 | TrueVision 2.0.0 | after: -
    02__Src__AppModules/20__System__MaterialsSystem/Na__MaterialsSystem__MaterialSwap.js
        this app 21-Aug-2026 | TrueVision - | after: -
    02__Src__AppModules/21__System__PresentationMode/Na__PresentationMode__Camera__SceneTransition.js
        this app 28-Sep-2026 | TrueVision 1.0.0 | after: -
    02__Src__AppModules/21__System__PresentationMode/Na__PresentationMode__DevMenu__BatchOps__.js
        this app 28-Sep-2026 | TrueVision 1.2.0 | after: -
    02__Src__AppModules/21__System__PresentationMode/Na__PresentationMode__DevMenu__GroupEditor__.js
        this app 09-Sep-2026 | TrueVision 1.0.0 | after: -
    02__Src__AppModules/21__System__PresentationMode/Na__PresentationMode__DevMenu__Modal__.js
        this app 22-Sep-2026 | TrueVision 1.2.0 | after: -
    02__Src__AppModules/21__System__PresentationMode/Na__PresentationMode__DevMenu__SceneEditor.js
        this app 01-Oct-2026 | TrueVision 1.4.0 | after: -
    02__Src__AppModules/21__System__PresentationMode/Na__PresentationMode__DevMenu__SceneLightingRows__.js
        this app 28-Sep-2026 | TrueVision 1.0.0 | after: -
    02__Src__AppModules/21__System__PresentationMode/Na__PresentationMode__ProjectJson__SceneData.js
        this app 09-Sep-2026 | TrueVision 1.1.1 | after: 19-Sep 1.1.0; 28-Sep 1.1.1 [2.161.0]
    02__Src__AppModules/21__System__PresentationMode/Na__PresentationMode__SceneGroups__Data__.js
        this app 09-Sep-2026 | TrueVision 1.0.0 | after: -
    02__Src__AppModules/21__System__PresentationMode/Na__PresentationMode__Thumbnail__Renderer.js
        this app 01-Oct-2026 | TrueVision 1.1.0 | after: -
    02__Src__AppModules/21__System__PresentationMode/Na__PresentationMode__UI__SceneCarousel.js
        this app 16-Sep-2026 | TrueVision 1.3.0 | after: 19-Sep 1.3.0
    02__Src__AppModules/21__System__PresentationMode/Na__PresentationMode__UI__SceneGroupSelector__.js
        this app 09-Sep-2026 | TrueVision 1.0.0 | after: -
    02__Src__AppModules/25__System__3dObject__InteractionSystem/3dObjectIInteraction__Animation__ClickToOpenDoors__.js
        this app 14-Sep-2026 | TrueVision 1.9.0 | after: -
    02__Src__AppModules/25__System__3dObject__InteractionSystem/3dObjectInteraction__Animation__CameraFollowBillboards__.js
        this app 11-Sep-2026 | TrueVision 1.0.0 | after: -
    02__Src__AppModules/25__System__3dObject__InteractionSystem/3dObjectInteraction__Animation__WalkMode__ProximityToOpenDoors__.js
        this app 11-Sep-2026 | TrueVision 1.2.0 | after: -
    02__Src__AppModules/25__System__3dObject__InteractionSystem/Na__DoorAnimation__FindDoorGroups.js
        this app 06-Jun-2026 | TrueVision 1.1.0 | after: -
    02__Src__AppModules/26__System__ToggleModelElements/Na__ModelGroup__PhaseLibrary__.js
        this app 13-Sep-2026 | TrueVision 1.0.0 | after: -
    02__Src__AppModules/26__System__ToggleModelElements/Na__UiFeature__ModelToggle__Controls.js
        this app 01-Oct-2026 | TrueVision - | after: -
    02__Src__AppModules/30__System__ImageExport/Na__ImageExport__StaticExport__TiledRenderer.js
        this app 02-Oct-2026 | TrueVision 2.1.0 | after: -
    02__Src__AppModules/30__System__ImageExport/Na__ImageExport__StaticExport__TilePlan__.js
        this app 19-Aug-2026 | TrueVision 1.0.0 | after: 12-Sep 1.0.0
    02__Src__AppModules/40__System__DrawingViewCore/Na__DrawView__ActiveView__.js
        this app 09-Sep-2026 | TrueVision 1.0.0 | after: -
    02__Src__AppModules/40__System__DrawingViewCore/Na__DrawView__ConfigState__.js
        this app 09-Sep-2026 | TrueVision 1.0.1 | after: 13-Sep 1.0.1
    02__Src__AppModules/40__System__DrawingViewCore/Na__DrawView__DevRowShell__.js
        this app 20-Sep-2026 | TrueVision 1.0.0 | after: -
    02__Src__AppModules/40__System__DrawingViewCore/Na__DrawView__DraftGuard__.js
        this app 20-Sep-2026 | TrueVision 1.0.0 | after: -
    02__Src__AppModules/40__System__DrawingViewCore/Na__DrawView__DraftMaths__.js
        this app 20-Sep-2026 | TrueVision 1.0.0 | after: -
    02__Src__AppModules/40__System__DrawingViewCore/Na__DrawView__DrawingUsage__.js
        this app 20-Sep-2026 | TrueVision 1.0.0 | after: -
    02__Src__AppModules/40__System__DrawingViewCore/Na__DrawView__MarkupFocus__.js
        this app 09-Sep-2026 | TrueVision 1.1.0 | after: -
    02__Src__AppModules/40__System__DrawingViewCore/Na__DrawView__MarkupMount__.js
        this app 09-Sep-2026 | TrueVision 1.0.0 | after: -
    02__Src__AppModules/40__System__DrawingViewCore/Na__DrawView__MaterialPreset__.js
        this app 09-Sep-2026 | TrueVision 1.1.0 | after: -
    02__Src__AppModules/40__System__DrawingViewCore/Na__DrawView__Navigation__.js
        this app 09-Sep-2026 | TrueVision 1.0.0 | after: -
    02__Src__AppModules/40__System__DrawingViewCore/Na__DrawView__ProjectData__.js
        this app 22-Sep-2026 | TrueVision 1.6.0 | after: -
    02__Src__AppModules/40__System__DrawingViewCore/Na__DrawView__RenameDrawing__.js
        this app 20-Sep-2026 | TrueVision 1.1.0 | after: -
    02__Src__AppModules/40__System__DrawingViewCore/Na__DrawView__RenderPreset__.js
        this app 02-Oct-2026 | TrueVision 1.1.0 | after: -
    02__Src__AppModules/40__System__DrawingViewCore/Na__DrawView__RowAccordion__.js
        this app 20-Sep-2026 | TrueVision - | after: -
    02__Src__AppModules/40__System__DrawingViewCore/Na__DrawView__SceneLinkRow__.js
        this app 09-Sep-2026 | TrueVision 1.0.0 | after: -
    02__Src__AppModules/40__System__DrawingViewCore/Na__DrawView__SectionAdapter__.js
        this app 02-Oct-2026 | TrueVision 1.0.0 | after: -
    02__Src__AppModules/40__System__DrawingViewCore/Na__DrawView__StyleRows__.js
        this app 09-Sep-2026 | TrueVision 1.0.0 | after: -
    02__Src__AppModules/40__System__DrawingViewCore/Na__DrawView__Transitions__.js
        this app 21-Sep-2026 | TrueVision 1.1.0 | after: -
    02__Src__AppModules/42__System__FloorPlanViews/Na__FloorPlan__ConfigState__.js
        this app 20-Sep-2026 | TrueVision 1.1.0 | after: -
    02__Src__AppModules/42__System__FloorPlanViews/Na__FloorPlan__DevMenu__Editor__.js
        this app 20-Sep-2026 | TrueVision 2.0.0 | after: -
    02__Src__AppModules/42__System__FloorPlanViews/Na__FloorPlan__DevMenu__RowBuilders__.js
        this app 20-Sep-2026 | TrueVision 2.0.0 | after: -
    02__Src__AppModules/42__System__FloorPlanViews/Na__FloorPlan__DevMenu__StoreyRow__.js
        this app 20-Sep-2026 | TrueVision 1.0.0 | after: -
    02__Src__AppModules/42__System__FloorPlanViews/Na__FloorPlan__Framing__.js
        this app 09-Sep-2026 | TrueVision 1.0.0 | after: -
    02__Src__AppModules/42__System__FloorPlanViews/Na__FloorPlan__ModeController__.js
        this app 01-Oct-2026 | TrueVision 1.1.0 | after: -
    02__Src__AppModules/42__System__FloorPlanViews/Na__FloorPlan__OrthoCamera__.js
        this app 09-Sep-2026 | TrueVision 1.0.0 | after: -
    02__Src__AppModules/42__System__FloorPlanViews/Na__FloorPlan__ProjectJson__Data__.js
        this app 20-Sep-2026 | TrueVision 1.1.0 | after: -
    02__Src__AppModules/42__System__FloorPlanViews/Na__FloorPlan__SceneLink__.js
        this app 09-Sep-2026 | TrueVision 1.0.0 | after: -
    02__Src__AppModules/42__System__FloorPlanViews/Na__FloorPlan__StoreyLevel__.js
        this app 20-Sep-2026 | TrueVision 1.0.0 | after: -
    02__Src__AppModules/43__System__PlanAnnotations/Na__PlanAnnotations__Data__.js
        this app 09-Sep-2026 | TrueVision 1.0.0 | after: -
    02__Src__AppModules/43__System__PlanAnnotations/Na__PlanAnnotations__Editor__.js
        this app 09-Sep-2026 | TrueVision 1.0.0 | after: -
    02__Src__AppModules/43__System__PlanAnnotations/Na__PlanAnnotations__History__.js
        this app 09-Sep-2026 | TrueVision 1.1.0 | after: -
    02__Src__AppModules/43__System__PlanAnnotations/Na__PlanAnnotations__Hotkeys__.js
        this app 09-Sep-2026 | TrueVision 1.0.0 | after: -
    02__Src__AppModules/43__System__PlanAnnotations/Na__PlanAnnotations__Overlay__.js
        this app 09-Sep-2026 | TrueVision 1.1.0 | after: -
    02__Src__AppModules/43__System__PlanAnnotations/Na__PlanAnnotations__Toolbar__.js
        this app 21-Sep-2026 | TrueVision 1.1.0 | after: -
    02__Src__AppModules/44__System__PlanDimensions/Na__PlanDimensions__AxisLock__.js
        this app 09-Sep-2026 | TrueVision 1.0.0 | after: -
    02__Src__AppModules/44__System__PlanDimensions/Na__PlanDimensions__ClientMode__.js
        this app 09-Sep-2026 | TrueVision 1.0.0 | after: -
    02__Src__AppModules/44__System__PlanDimensions/Na__PlanDimensions__ConfigState__.js
        this app 09-Sep-2026 | TrueVision 1.0.0 | after: -
    02__Src__AppModules/44__System__PlanDimensions/Na__PlanDimensions__Crosshair__.js
        this app 09-Sep-2026 | TrueVision 1.0.0 | after: -
    02__Src__AppModules/44__System__PlanDimensions/Na__PlanDimensions__Data__.js
        this app 09-Sep-2026 | TrueVision 1.0.0 | after: -
    02__Src__AppModules/44__System__PlanDimensions/Na__PlanDimensions__Disclaimer__.js
        this app 09-Sep-2026 | TrueVision 1.0.0 | after: -
    02__Src__AppModules/44__System__PlanDimensions/Na__PlanDimensions__EditorPreview__.js
        this app 09-Sep-2026 | TrueVision 1.0.0 | after: -
    02__Src__AppModules/44__System__PlanDimensions/Na__PlanDimensions__Editor__.js
        this app 09-Sep-2026 | TrueVision 1.0.0 | after: -
    02__Src__AppModules/44__System__PlanDimensions/Na__PlanDimensions__Grid__.js
        this app 09-Sep-2026 | TrueVision 1.0.0 | after: -
    02__Src__AppModules/44__System__PlanDimensions/Na__PlanDimensions__History__.js
        this app 09-Sep-2026 | TrueVision 1.0.0 | after: -
    02__Src__AppModules/44__System__PlanDimensions/Na__PlanDimensions__Hotkeys__.js
        this app 09-Sep-2026 | TrueVision 1.0.0 | after: -
    02__Src__AppModules/44__System__PlanDimensions/Na__PlanDimensions__Overlay__.js
        this app 09-Sep-2026 | TrueVision 1.0.0 | after: -
    02__Src__AppModules/44__System__PlanDimensions/Na__PlanDimensions__Styles__.css
        this app 31-Aug-2026 | TrueVision 1.0.0 | after: -
    02__Src__AppModules/44__System__PlanDimensions/Na__PlanDimensions__VertexEditor__.js
        this app 09-Sep-2026 | TrueVision 1.0.0 | after: -
    02__Src__AppModules/45__System__ElevationViews/Na__Elevation__AutoNameText__.js
        this app 20-Sep-2026 | TrueVision 1.0.0 | after: -
    02__Src__AppModules/45__System__ElevationViews/Na__Elevation__AutoName__.js
        this app 20-Sep-2026 | TrueVision 1.0.0 | after: -
    02__Src__AppModules/45__System__ElevationViews/Na__Elevation__ConfigState__.js
        this app 09-Sep-2026 | TrueVision 1.0.0 | after: -
    02__Src__AppModules/45__System__ElevationViews/Na__Elevation__DevMenu__Editor__.js
        this app 20-Sep-2026 | TrueVision 2.1.0 | after: -
    02__Src__AppModules/45__System__ElevationViews/Na__Elevation__DevMenu__RowBuilders__.js
        this app 20-Sep-2026 | TrueVision 2.1.0 | after: -
    02__Src__AppModules/45__System__ElevationViews/Na__Elevation__FacePick__.js
        this app 09-Sep-2026 | TrueVision 1.0.0 | after: -
    02__Src__AppModules/45__System__ElevationViews/Na__Elevation__Framing__.js
        this app 09-Sep-2026 | TrueVision 1.0.0 | after: -
    02__Src__AppModules/45__System__ElevationViews/Na__Elevation__GizmoGrip__.js
        this app 09-Sep-2026 | TrueVision 1.0.0 | after: -
    02__Src__AppModules/45__System__ElevationViews/Na__Elevation__ModeController__.js
        this app 02-Oct-2026 | TrueVision 1.1.0 | after: -
    02__Src__AppModules/45__System__ElevationViews/Na__Elevation__OrthoCamera__.js
        this app 09-Sep-2026 | TrueVision 1.0.0 | after: -
    02__Src__AppModules/45__System__ElevationViews/Na__Elevation__PlaneGizmo__.js
        this app 09-Sep-2026 | TrueVision 1.0.0 | after: -
    02__Src__AppModules/45__System__ElevationViews/Na__Elevation__ProjectJson__Data__.js
        this app 20-Sep-2026 | TrueVision 1.1.0 | after: -
    02__Src__AppModules/45__System__ElevationViews/Na__Elevation__SceneLink__.js
        this app 09-Sep-2026 | TrueVision 1.0.0 | after: -
    02__Src__AppModules/46__System__NorthDirection/Na__North__CompassGizmo__.js
        this app 20-Sep-2026 | TrueVision 1.1.0 | after: -
    02__Src__AppModules/46__System__NorthDirection/Na__North__Compass__.js
        this app 20-Sep-2026 | TrueVision 1.0.0 | after: -
    02__Src__AppModules/46__System__NorthDirection/Na__North__ConfigState__.js
        this app 20-Sep-2026 | TrueVision 1.0.0 | after: -
    02__Src__AppModules/46__System__NorthDirection/Na__North__DevMenu__Editor__.js
        this app 20-Sep-2026 | TrueVision 1.1.0 | after: -
    02__Src__AppModules/46__System__NorthDirection/Na__North__PickTool__.js
        this app 20-Sep-2026 | TrueVision 1.0.0 | after: -
    02__Src__AppModules/46__System__NorthDirection/Na__North__ProjectJson__Data__.js
        this app 19-Sep-2026 | TrueVision 1.0.0 | after: -
    02__Src__AppModules/46__System__NorthDirection/Na__North__Styles__DevMenu__.css
        this app 20-Sep-2026 | TrueVision 1.0.0 | after: -
    02__Src__AppModules/47__System__DrawingPlanes/Na__DrawingPlanes__Bounds__.js
        this app 20-Sep-2026 | TrueVision 1.0.0 | after: -
    02__Src__AppModules/47__System__DrawingPlanes/Na__DrawingPlanes__ConfigState__.js
        this app 20-Sep-2026 | TrueVision 1.0.0 | after: -
    02__Src__AppModules/47__System__DrawingPlanes/Na__DrawingPlanes__DevMenu__Controls__.js
        this app 20-Sep-2026 | TrueVision 1.0.0 | after: -
    02__Src__AppModules/47__System__DrawingPlanes/Na__DrawingPlanes__Grip__.js
        this app 20-Sep-2026 | TrueVision 1.0.0 | after: -
    02__Src__AppModules/47__System__DrawingPlanes/Na__DrawingPlanes__Maths__.js
        this app 20-Sep-2026 | TrueVision 1.0.0 | after: -
    02__Src__AppModules/47__System__DrawingPlanes/Na__DrawingPlanes__Overlay__.js
        this app 20-Sep-2026 | TrueVision 1.1.0 | after: -
    02__Src__AppModules/47__System__DrawingPlanes/Na__DrawingPlanes__PlaneMesh__.js
        this app 20-Sep-2026 | TrueVision 1.0.0 | after: -
    02__Src__AppModules/48__System__CrossSectionViews/Na__CrossSection__DevMenu__Editor__.js
        this app 20-Sep-2026 | TrueVision 0.1.0 | after: -
    02__Src__AppModules/49__System__ElevationDepthFog/Na__ElevationDepthFog__ConfigState__.js
        this app 20-Sep-2026 | TrueVision 1.0.0 | after: -
    02__Src__AppModules/49__System__ElevationDepthFog/Na__ElevationDepthFog__DevMenu__Row__.js
        this app 20-Sep-2026 | TrueVision 1.0.0 | after: -
    02__Src__AppModules/49__System__ElevationDepthFog/Na__ElevationDepthFog__Maths__.js
        this app 20-Sep-2026 | TrueVision 1.0.0 | after: -
    02__Src__AppModules/49__System__ElevationDepthFog/Na__ElevationDepthFog__RecordData__.js
        this app 20-Sep-2026 | TrueVision 1.0.0 | after: -
    02__Src__AppModules/49__System__ElevationDepthFog/Na__ElevationDepthFog__RenderLayer__.js
        this app 20-Sep-2026 | TrueVision 1.0.0 | after: -
    02__Src__AppModules/49__System__ElevationDepthFog/Na__ElevationDepthFog__Shader__.js
        this app 21-Sep-2026 | TrueVision 1.0.0 | after: -
    02__Src__AppModules/50__System__ProjectedLinework/Na__ProjectedLinework__AuthoredEdges__.js
        this app 14-Sep-2026 | TrueVision 1.2.0 | after: -
    02__Src__AppModules/50__System__ProjectedLinework/Na__ProjectedLinework__ClipKernel__.js
        this app 14-Sep-2026 | TrueVision 1.2.0 | after: -
    02__Src__AppModules/50__System__ProjectedLinework/Na__ProjectedLinework__ClipWorker__.js
        this app 13-Sep-2026 | TrueVision 1.0.0 | after: -
    02__Src__AppModules/50__System__ProjectedLinework/Na__ProjectedLinework__ConfigAccess__.js
        this app 21-Sep-2026 | TrueVision 1.2.0 | after: -
    02__Src__AppModules/50__System__ProjectedLinework/Na__ProjectedLinework__CpuBackend__.js
        this app 21-Sep-2026 | TrueVision 1.4.0 | after: -
    02__Src__AppModules/50__System__ProjectedLinework/Na__ProjectedLinework__DevMenu__Controls__.js
        this app 14-Sep-2026 | TrueVision 1.1.0 | after: -
    02__Src__AppModules/50__System__ProjectedLinework/Na__ProjectedLinework__DiffHarness__.js
        this app 09-Sep-2026 | TrueVision 1.0.0 | after: -
    02__Src__AppModules/50__System__ProjectedLinework/Na__ProjectedLinework__DoorPose__.js
        this app 21-Sep-2026 | TrueVision 1.3.0 | after: -
    02__Src__AppModules/50__System__ProjectedLinework/Na__ProjectedLinework__EdgeExtractor__.js
        this app 14-Sep-2026 | TrueVision 1.3.0 | after: -
    02__Src__AppModules/50__System__ProjectedLinework/Na__ProjectedLinework__ExportCompositor__.js
        this app 09-Sep-2026 | TrueVision 1.0.0 | after: -
    02__Src__AppModules/50__System__ProjectedLinework/Na__ProjectedLinework__FlatBvh__.js
        this app 09-Sep-2026 | TrueVision 1.0.0 | after: -
    02__Src__AppModules/50__System__ProjectedLinework/Na__ProjectedLinework__FlushJoins__.js
        this app 23-Sep-2026 | TrueVision 1.1.0 | after: -
    02__Src__AppModules/50__System__ProjectedLinework/Na__ProjectedLinework__ModelStage__.js
        this app 18-Sep-2026 | TrueVision 1.2.0 | after: -
    02__Src__AppModules/50__System__ProjectedLinework/Na__ProjectedLinework__Owners__.js
        this app 12-Sep-2026 | TrueVision 1.0.0 | after: -
    02__Src__AppModules/50__System__ProjectedLinework/Na__ProjectedLinework__Persistence__.js
        this app 14-Sep-2026 | TrueVision 1.2.1 | after: -
    02__Src__AppModules/50__System__ProjectedLinework/Na__ProjectedLinework__Pipeline__.js
        this app 21-Sep-2026 | TrueVision 1.5.0 | after: -
    02__Src__AppModules/50__System__ProjectedLinework/Na__ProjectedLinework__Projector__.js
        this app 21-Sep-2026 | TrueVision 1.5.0 | after: -
    02__Src__AppModules/50__System__ProjectedLinework/Na__ProjectedLinework__RasterPreview__.js
        this app 09-Sep-2026 | TrueVision 1.0.0 | after: -
    02__Src__AppModules/50__System__ProjectedLinework/Na__ProjectedLinework__Scheduler__.js
        this app 09-Sep-2026 | TrueVision 1.0.0 | after: -
    02__Src__AppModules/50__System__ProjectedLinework/Na__ProjectedLinework__SoupBuilder__.js
        this app 09-Sep-2026 | TrueVision 1.0.0 | after: -
    02__Src__AppModules/50__System__ProjectedLinework/Na__ProjectedLinework__StageSampler__.js
        this app 20-Sep-2026 | TrueVision 1.2.0 | after: -
    02__Src__AppModules/50__System__ProjectedLinework/Na__ProjectedLinework__Storeys__.js
        this app 21-Sep-2026 | TrueVision 1.0.0 | after: -
    02__Src__AppModules/50__System__ProjectedLinework/Na__ProjectedLinework__SvgOverlay__.js
        this app 09-Sep-2026 | TrueVision 1.0.0 | after: -
    02__Src__AppModules/50__System__ProjectedLinework/Na__ProjectedLinework__ViewDefinition__.js
        this app 14-Sep-2026 | TrueVision 1.2.0 | after: -
    02__Src__AppModules/50__System__ProjectedLinework/Na__ProjectedLinework__WebGpuBackend__.js
        this app 09-Sep-2026 | TrueVision 1.0.0 | after: -
    02__Src__AppModules/50__System__ProjectedLinework/Na__ProjectedLinework__WorkerPool__.js
        this app 13-Sep-2026 | TrueVision 1.0.0 | after: -
    02__Src__AppModules/51__System__LayoutEditor/03__Core__Config/Na__LayoutEditor__ConfigState__.js
        this app 22-Sep-2026 | TrueVision 1.29.0 | after: -
    02__Src__AppModules/51__System__LayoutEditor/03__Core__Config/Na__LayoutEditor__ConfigState__EditorSetup__.js
        this app 29-Sep-2026 | TrueVision 1.6.0 | after: -
    02__Src__AppModules/51__System__LayoutEditor/03__Core__Config/Na__LayoutEditor__ConfigState__KeyMap__.js
        this app 22-Sep-2026 | TrueVision 1.11.0 | after: -
    02__Src__AppModules/51__System__LayoutEditor/03__Core__Config/Na__LayoutEditor__ConfigState__Readers__.js
        this app 15-Sep-2026 | TrueVision 1.0.0 | after: -
    02__Src__AppModules/51__System__LayoutEditor/03__Core__Config/Na__LayoutEditor__ConfigState__SheetSetup__.js
        this app 21-Sep-2026 | TrueVision 1.9.0 | after: -
    02__Src__AppModules/51__System__LayoutEditor/03__Core__Config/Na__LayoutEditor__ConfigState__ToolSetup__.js
        this app 22-Sep-2026 | TrueVision 1.5.0 | after: -
    02__Src__AppModules/51__System__LayoutEditor/05__Core__ModeController/Na__LayoutEditor__LoadingVeil__.js
        this app 20-Sep-2026 | TrueVision 1.1.0 | after: -
    02__Src__AppModules/51__System__LayoutEditor/05__Core__ModeController/Na__LayoutEditor__ModeController__.js
        this app 02-Oct-2026 | TrueVision 1.32.0 | after: -
    02__Src__AppModules/51__System__LayoutEditor/05__Core__ModeController/Na__LayoutEditor__TabStrip__.js
        this app 23-Sep-2026 | TrueVision 2.0.0 | after: -
    02__Src__AppModules/51__System__LayoutEditor/07__Core__SheetData/Na__LayoutEditor__Assets__.js
        this app 14-Sep-2026 | TrueVision 1.0.1 | after: -
    02__Src__AppModules/51__System__LayoutEditor/07__Core__SheetData/Na__LayoutEditor__AutoSave__.js
        this app 22-Sep-2026 | TrueVision 1.5.0 | after: -
    02__Src__AppModules/51__System__LayoutEditor/07__Core__SheetData/Na__LayoutEditor__DrawingScale__.js
        this app 14-Sep-2026 | TrueVision 1.0.0 | after: -
    02__Src__AppModules/51__System__LayoutEditor/07__Core__SheetData/Na__LayoutEditor__History__.js
        this app 21-Sep-2026 | TrueVision 1.7.0 | after: -
    02__Src__AppModules/51__System__LayoutEditor/07__Core__SheetData/Na__LayoutEditor__ProjectRecord__.js
        this app 01-Oct-2026 | TrueVision 1.1.0 | after: -
    02__Src__AppModules/51__System__LayoutEditor/07__Core__SheetData/Na__LayoutEditor__ScaleManager__.js
        this app 21-Sep-2026 | TrueVision 1.2.1 | after: -
    02__Src__AppModules/51__System__LayoutEditor/07__Core__SheetData/Na__LayoutEditor__SheetLayout__.js
        this app 14-Sep-2026 | TrueVision 1.2.0 | after: -
    02__Src__AppModules/51__System__LayoutEditor/07__Core__SheetData/Na__LayoutEditor__SheetModel__.js
        this app 22-Sep-2026 | TrueVision 1.35.1 | after: -
    02__Src__AppModules/51__System__LayoutEditor/07__Core__SheetData/Na__LayoutEditor__SheetModel__AreaGroups__.js
        this app 21-Sep-2026 | TrueVision 1.0.0 | after: -
    02__Src__AppModules/51__System__LayoutEditor/07__Core__SheetData/Na__LayoutEditor__SheetModel__Common__.js
        this app 19-Sep-2026 | TrueVision 1.0.0 | after: -
    02__Src__AppModules/51__System__LayoutEditor/07__Core__SheetData/Na__LayoutEditor__SheetModel__DrawOrder__.js
        this app 15-Sep-2026 | TrueVision 1.0.0 | after: -
    02__Src__AppModules/51__System__LayoutEditor/07__Core__SheetData/Na__LayoutEditor__SheetModel__Groups__.js
        this app 22-Sep-2026 | TrueVision 1.3.0 | after: -
    02__Src__AppModules/51__System__LayoutEditor/07__Core__SheetData/Na__LayoutEditor__SheetModel__Layers__.js
        this app 21-Sep-2026 | TrueVision 1.4.0 | after: -
    02__Src__AppModules/51__System__LayoutEditor/07__Core__SheetData/Na__LayoutEditor__SheetModel__Leaders__.js
        this app 22-Sep-2026 | TrueVision 1.2.0 | after: -
    02__Src__AppModules/51__System__LayoutEditor/07__Core__SheetData/Na__LayoutEditor__SheetModel__Shapes__.js
        this app 22-Sep-2026 | TrueVision 1.6.0 | after: -
    02__Src__AppModules/51__System__LayoutEditor/07__Core__SheetData/Na__LayoutEditor__SheetModel__Sheets__.js
        this app 22-Sep-2026 | TrueVision 1.4.0 | after: -
    02__Src__AppModules/51__System__LayoutEditor/07__Core__SheetData/Na__LayoutEditor__SheetModel__State__.js
        this app 21-Sep-2026 | TrueVision 1.2.0 | after: -
    02__Src__AppModules/51__System__LayoutEditor/07__Core__SheetData/Na__LayoutEditor__SheetModel__TextAndDimensions__.js
        this app 22-Sep-2026 | TrueVision 1.2.0 | after: -
    02__Src__AppModules/51__System__LayoutEditor/07__Core__SheetData/Na__LayoutEditor__SheetModel__Viewports__.js
        this app 22-Sep-2026 | TrueVision 1.4.0 | after: -
    02__Src__AppModules/51__System__LayoutEditor/07__Core__SheetData/Na__LayoutEditor__SheetRecords__.js
        this app 23-Sep-2026 | TrueVision 1.39.0 | after: -
    02__Src__AppModules/51__System__LayoutEditor/07__Core__SheetData/Na__LayoutEditor__SheetRecords__LeaderlessNotes__.js
        this app 22-Sep-2026 | TrueVision 1.0.0 | after: -
    02__Src__AppModules/51__System__LayoutEditor/07__Core__SheetData/Na__LayoutEditor__SheetRecords__NoteRegions__.js
        this app 22-Sep-2026 | TrueVision 1.0.0 | after: -
    02__Src__AppModules/51__System__LayoutEditor/10__Core__SheetSurface/Na__LayoutEditor__Controls__Pc__.js
        this app 21-Sep-2026 | TrueVision 1.4.0 | after: -
    02__Src__AppModules/51__System__LayoutEditor/10__Core__SheetSurface/Na__LayoutEditor__Controls__TouchScreen__.js
        this app 21-Sep-2026 | TrueVision 1.1.0 | after: -
    02__Src__AppModules/51__System__LayoutEditor/10__Core__SheetSurface/Na__LayoutEditor__Navigation__.js
        this app 21-Sep-2026 | TrueVision 1.3.0 | after: -
    02__Src__AppModules/51__System__LayoutEditor/10__Core__SheetSurface/Na__LayoutEditor__SheetChrome__.js
        this app 22-Sep-2026 | TrueVision 1.14.0 | after: -
    02__Src__AppModules/51__System__LayoutEditor/10__Core__SheetSurface/Na__LayoutEditor__SheetSurface__.js
        this app 22-Sep-2026 | TrueVision 1.13.0 | after: -
    02__Src__AppModules/51__System__LayoutEditor/10__Core__SheetSurface/Na__LayoutEditor__TitleBlock__Cells__.js
        this app 21-Sep-2026 | TrueVision 1.2.0 | after: -
    02__Src__AppModules/51__System__LayoutEditor/10__Core__SheetSurface/Na__LayoutEditor__TitleBlock__Classic__.js
        this app 09-Sep-2026 | TrueVision 1.0.0 | after: -
    02__Src__AppModules/51__System__LayoutEditor/10__Core__SheetSurface/Na__LayoutEditor__TitleBlock__Modern__.js
        this app 21-Sep-2026 | TrueVision 1.5.0 | after: -
    02__Src__AppModules/51__System__LayoutEditor/10__Core__SheetSurface/Na__LayoutEditor__TitleBlock__QrCell__.js
        this app 19-Sep-2026 | TrueVision 1.0.0 | after: -
    02__Src__AppModules/51__System__LayoutEditor/15__Core__Markup/Na__LayoutEditor__DimensionGeometry__.js
        this app 23-Sep-2026 | TrueVision 1.6.0 | after: -
    02__Src__AppModules/51__System__LayoutEditor/15__Core__Markup/Na__LayoutEditor__DimensionRounding__.js
        this app 21-Sep-2026 | TrueVision 1.0.0 | after: -
    02__Src__AppModules/51__System__LayoutEditor/15__Core__Markup/Na__LayoutEditor__Groups__.js
        this app 22-Sep-2026 | TrueVision 1.4.0 | after: -
    02__Src__AppModules/51__System__LayoutEditor/15__Core__Markup/Na__LayoutEditor__LeaderGeometry__.js
        this app 22-Sep-2026 | TrueVision 1.3.0 | after: -
    02__Src__AppModules/51__System__LayoutEditor/15__Core__Markup/Na__LayoutEditor__MarkupBridge__.js
        this app 23-Sep-2026 | TrueVision 1.20.0 | after: -
    02__Src__AppModules/51__System__LayoutEditor/15__Core__Markup/Na__LayoutEditor__MeasureParse__.js
        this app 21-Sep-2026 | TrueVision 1.1.0 | after: -
    02__Src__AppModules/51__System__LayoutEditor/15__Core__Markup/Na__LayoutEditor__PaintOrder__.js
        this app 21-Sep-2026 | TrueVision 1.0.0 | after: -
    02__Src__AppModules/51__System__LayoutEditor/15__Core__Markup/Na__LayoutEditor__ShapeGeometry__.js
        this app 22-Sep-2026 | TrueVision 1.9.0 | after: -
    02__Src__AppModules/51__System__LayoutEditor/15__Core__Markup/Na__LayoutEditor__ShapeRings__.js
        this app 23-Sep-2026 | TrueVision 1.1.0 | after: -
    02__Src__AppModules/51__System__LayoutEditor/20__System__Viewports/Na__LayoutEditor__ForceRender__.js
        this app 18-Sep-2026 | TrueVision 1.1.0 | after: -
    02__Src__AppModules/51__System__LayoutEditor/20__System__Viewports/Na__LayoutEditor__PlanDoors__.js
        this app 21-Sep-2026 | TrueVision 1.3.0 | after: -
    02__Src__AppModules/51__System__LayoutEditor/20__System__Viewports/Na__LayoutEditor__RasterQuality__.js
        this app 10-Sep-2026 | TrueVision 1.0.0 | after: -
    02__Src__AppModules/51__System__LayoutEditor/20__System__Viewports/Na__LayoutEditor__VectorQuality__.js
        this app 21-Sep-2026 | TrueVision 1.0.0 | after: -
    02__Src__AppModules/51__System__LayoutEditor/20__System__Viewports/Na__LayoutEditor__Viewport2d__.js
        this app 01-Oct-2026 | TrueVision 1.16.0 | after: -
    02__Src__AppModules/51__System__LayoutEditor/20__System__Viewports/Na__LayoutEditor__Viewport2d__DepthFog__.js
        this app 20-Sep-2026 | TrueVision 1.0.0 | after: -
    02__Src__AppModules/51__System__LayoutEditor/20__System__Viewports/Na__LayoutEditor__Viewport2d__Frame__.js
        this app 01-Oct-2026 | TrueVision 1.4.0 | after: -
    02__Src__AppModules/51__System__LayoutEditor/20__System__Viewports/Na__LayoutEditor__Viewport2d__Linework__.js
        this app 01-Oct-2026 | TrueVision 1.2.0 | after: -
    02__Src__AppModules/51__System__LayoutEditor/20__System__Viewports/Na__LayoutEditor__Viewport2d__Window__.js
        this app 01-Oct-2026 | TrueVision 1.2.0 | after: -
    02__Src__AppModules/51__System__LayoutEditor/20__System__Viewports/Na__LayoutEditor__Viewport3dZoom__.js
        this app 14-Sep-2026 | TrueVision 1.1.0 | after: 21-Sep 1.1.0
    02__Src__AppModules/51__System__LayoutEditor/20__System__Viewports/Na__LayoutEditor__Viewport3d__.js
        this app 01-Oct-2026 | TrueVision 1.8.1 | after: -
    02__Src__AppModules/51__System__LayoutEditor/20__System__Viewports/Na__LayoutEditor__ViewportClipboard__.js
        this app 18-Sep-2026 | TrueVision 1.4.0 | after: 21-Sep 1.4.0; 21-Sep 1.3.0
    02__Src__AppModules/51__System__LayoutEditor/20__System__Viewports/Na__LayoutEditor__ViewportHandles__.js
        this app 14-Sep-2026 | TrueVision 1.5.0 | after: 21-Sep 1.5.0
    02__Src__AppModules/51__System__LayoutEditor/20__System__Viewports/Na__LayoutEditor__ViewportIdentity__.js
        this app 20-Sep-2026 | TrueVision 1.1.0 | after: -
    02__Src__AppModules/51__System__LayoutEditor/20__System__Viewports/Na__LayoutEditor__ViewportRotation__.js
        this app 21-Sep-2026 | TrueVision 1.0.0 | after: -
    02__Src__AppModules/51__System__LayoutEditor/20__System__Viewports/Na__LayoutEditor__ViewportTitleText__.js
        this app 20-Sep-2026 | TrueVision 1.1.0 | after: -
    02__Src__AppModules/51__System__LayoutEditor/21__System__SitePlanData/Na__SitePlan__GlbParse__.js
        this app 14-Sep-2026 | TrueVision 1.0.0 | after: -
    02__Src__AppModules/51__System__LayoutEditor/21__System__SitePlanData/Na__SitePlan__Store__.js
        this app 21-Sep-2026 | TrueVision 1.2.0 | after: -
    02__Src__AppModules/51__System__LayoutEditor/25__System__RenderStyles/Na__LayoutEditor__EdgeStyles__.js
        this app 12-Sep-2026 | TrueVision 1.1.0 | after: 14-Sep 1.1.0
    02__Src__AppModules/51__System__LayoutEditor/25__System__RenderStyles/Na__LayoutEditor__Enhance__.js
        this app 20-Sep-2026 | TrueVision 1.1.0 | after: -
    02__Src__AppModules/51__System__LayoutEditor/25__System__RenderStyles/Na__LayoutEditor__ModelLayers__.js
        this app 13-Sep-2026 | TrueVision 1.4.0 | after: 14-Sep 1.3.0; 20-Sep 1.4.0
    02__Src__AppModules/51__System__LayoutEditor/25__System__RenderStyles/Na__LayoutEditor__RenderComposites__.js
        this app 20-Sep-2026 | TrueVision 1.3.0 | after: -
    02__Src__AppModules/51__System__LayoutEditor/25__System__RenderStyles/Na__LayoutEditor__SitePlanComposites__.js
        this app 20-Sep-2026 | TrueVision 1.0.0 | after: -
    02__Src__AppModules/51__System__LayoutEditor/25__System__RenderStyles/Na__LayoutEditor__SnapshotRenderer__.js
        this app 02-Oct-2026 | TrueVision 1.13.0 | after: -
    02__Src__AppModules/51__System__LayoutEditor/26__System__DraftMode/Na__LayoutEditor__DraftMode__.js
        this app 21-Sep-2026 | TrueVision 1.1.0 | after: -
    02__Src__AppModules/51__System__LayoutEditor/26__System__DraftMode/Na__LayoutEditor__DraftMode__State__.js
        this app 21-Sep-2026 | TrueVision 1.0.0 | after: -
    02__Src__AppModules/51__System__LayoutEditor/27__System__DrawingGrid/Na__LayoutEditor__DrawingGrid__.js
        this app 21-Sep-2026 | TrueVision 1.0.0 | after: -
    02__Src__AppModules/51__System__LayoutEditor/27__System__DrawingGrid/Na__LayoutEditor__DrawingGrid__State__.js
        this app 21-Sep-2026 | TrueVision 1.0.0 | after: -
    02__Src__AppModules/51__System__LayoutEditor/27__System__DrawingGrid/Na__LayoutEditor__Panel__DrawingGrid__.js
        this app 21-Sep-2026 | TrueVision 1.0.0 | after: -
    02__Src__AppModules/51__System__LayoutEditor/28__System__ObjectSnap/Na__LayoutEditor__MoveAnchor__.js
        this app 22-Sep-2026 | TrueVision 1.0.0 | after: -
    02__Src__AppModules/51__System__LayoutEditor/28__System__ObjectSnap/Na__LayoutEditor__ObjectSnap__.js
        this app 21-Sep-2026 | TrueVision 1.0.0 | after: -
    02__Src__AppModules/51__System__LayoutEditor/28__System__ObjectSnap/Na__LayoutEditor__ObjectSnap__Geometry__.js
        this app 21-Sep-2026 | TrueVision 1.0.0 | after: -
    02__Src__AppModules/51__System__LayoutEditor/28__System__ObjectSnap/Na__LayoutEditor__ObjectSnap__Glyphs__.js
        this app 21-Sep-2026 | TrueVision 1.0.0 | after: -
    02__Src__AppModules/51__System__LayoutEditor/28__System__ObjectSnap/Na__LayoutEditor__ObjectSnap__GridMoves__.js
        this app 21-Sep-2026 | TrueVision 1.2.0 | after: -
    02__Src__AppModules/51__System__LayoutEditor/28__System__ObjectSnap/Na__LayoutEditor__ObjectSnap__Index__.js
        this app 21-Sep-2026 | TrueVision 1.1.0 | after: -
    02__Src__AppModules/51__System__LayoutEditor/28__System__ObjectSnap/Na__LayoutEditor__ObjectSnap__Marker__.js
        this app 21-Sep-2026 | TrueVision 1.0.0 | after: -
    02__Src__AppModules/51__System__LayoutEditor/28__System__ObjectSnap/Na__LayoutEditor__ObjectSnap__Menu__.js
        this app 21-Sep-2026 | TrueVision 1.0.0 | after: -
    02__Src__AppModules/51__System__LayoutEditor/28__System__ObjectSnap/Na__LayoutEditor__ObjectSnap__Moves__.js
        this app 21-Sep-2026 | TrueVision 1.0.0 | after: -
    02__Src__AppModules/51__System__LayoutEditor/28__System__ObjectSnap/Na__LayoutEditor__ObjectSnap__Search__.js
        this app 21-Sep-2026 | TrueVision 1.1.0 | after: -
    02__Src__AppModules/51__System__LayoutEditor/28__System__ObjectSnap/Na__LayoutEditor__ObjectSnap__Sources__.js
        this app 22-Sep-2026 | TrueVision 1.2.0 | after: -
    02__Src__AppModules/51__System__LayoutEditor/28__System__ObjectSnap/Na__LayoutEditor__ObjectSnap__State__.js
        this app 21-Sep-2026 | TrueVision 1.0.0 | after: -
    02__Src__AppModules/51__System__LayoutEditor/28__System__ObjectSnap/Na__LayoutEditor__ViewportSnapMove__.js
        this app 21-Sep-2026 | TrueVision 1.6.0 | after: -
    02__Src__AppModules/51__System__LayoutEditor/30__System__SheetTools/Na__LayoutEditor__AxisLock__.js
        this app 10-Sep-2026 | TrueVision 1.0.0 | after: -
    02__Src__AppModules/51__System__LayoutEditor/30__System__SheetTools/Na__LayoutEditor__ContextMenu__.js
        this app 21-Sep-2026 | TrueVision 1.1.0 | after: -
    02__Src__AppModules/51__System__LayoutEditor/30__System__SheetTools/Na__LayoutEditor__EditScope__.js
        this app 22-Sep-2026 | TrueVision 1.4.0 | after: -
    02__Src__AppModules/51__System__LayoutEditor/30__System__SheetTools/Na__LayoutEditor__Eyedropper__.js
        this app 21-Sep-2026 | TrueVision 1.9.0 | after: -
    02__Src__AppModules/51__System__LayoutEditor/30__System__SheetTools/Na__LayoutEditor__Grips__.js
        this app 22-Sep-2026 | TrueVision 1.12.0 | after: -
    02__Src__AppModules/51__System__LayoutEditor/30__System__SheetTools/Na__LayoutEditor__ItemClipboard__.js
        this app 22-Sep-2026 | TrueVision 1.7.0 | after: -
    02__Src__AppModules/51__System__LayoutEditor/30__System__SheetTools/Na__LayoutEditor__LayerMenu__.js
        this app 21-Sep-2026 | TrueVision 1.0.0 | after: -
    02__Src__AppModules/51__System__LayoutEditor/30__System__SheetTools/Na__LayoutEditor__Measurements__.js
        this app 22-Sep-2026 | TrueVision 1.10.0 | after: -
    02__Src__AppModules/51__System__LayoutEditor/30__System__SheetTools/Na__LayoutEditor__SelectionBox__.js
        this app 22-Sep-2026 | TrueVision 1.7.0 | after: -
    02__Src__AppModules/51__System__LayoutEditor/30__System__SheetTools/Na__LayoutEditor__SelectionSet__.js
        this app 22-Sep-2026 | TrueVision 1.2.0 | after: -
    02__Src__AppModules/51__System__LayoutEditor/30__System__SheetTools/Na__LayoutEditor__SheetTools__.js
        this app 17-Sep-2026 | TrueVision 1.39.0 | after: 19-Sep 1.31.0; 21-Sep 1.36.0; 21-Sep 1.35.0; 21-Sep 1.34.0; 21-Sep 1.33.0; 21-Sep 1.32.0; 22-Sep 1.39.0; 22-Sep 1.38.0; 22-Sep 1.37.0
    02__Src__AppModules/51__System__LayoutEditor/30__System__SheetTools/Na__LayoutEditor__SheetTools__ContentEditing__.js
        this app 15-Sep-2026 | TrueVision 1.0.0 | after: -
    02__Src__AppModules/51__System__LayoutEditor/30__System__SheetTools/Na__LayoutEditor__SheetTools__ContextMenu__.js
        this app 02-Oct-2026 | TrueVision 1.7.0 | after: -
    02__Src__AppModules/51__System__LayoutEditor/30__System__SheetTools/Na__LayoutEditor__SheetTools__HitResolution__.js
        this app 17-Sep-2026 | TrueVision 1.11.0 | after: 19-Sep 1.3.0; 21-Sep 1.8.0; 21-Sep 1.7.0; 21-Sep 1.6.0; 21-Sep 1.5.0; 21-Sep 1.4.0; 22-Sep 1.11.0; 22-Sep 1.10.0; 22-Sep 1.9.0
    02__Src__AppModules/51__System__LayoutEditor/30__System__SheetTools/Na__LayoutEditor__SheetTools__HoverTooltip__.js
        this app 22-Sep-2026 | TrueVision 1.1.0 | after: -
    02__Src__AppModules/51__System__LayoutEditor/30__System__SheetTools/Na__LayoutEditor__SheetTools__Keyboard__.js
        this app 02-Oct-2026 | TrueVision 1.18.0 | after: -
    02__Src__AppModules/51__System__LayoutEditor/30__System__SheetTools/Na__LayoutEditor__SheetTools__NoteTooltip__.js
        this app 22-Sep-2026 | TrueVision 1.0.0 | after: -
    02__Src__AppModules/51__System__LayoutEditor/30__System__SheetTools/Na__LayoutEditor__SheetTools__PointerDrag__.js
        this app 17-Sep-2026 | TrueVision 1.19.0 | after: 18-Sep 1.5.0; 19-Sep 1.6.0; 20-Sep 1.7.0; 21-Sep 1.16.0; 21-Sep 1.15.0; 21-Sep 1.14.0; 21-Sep 1.13.0; 21-Sep 1.12.0; 21-Sep 1.11.0; 21-Sep 1.10.0; 21-Sep 1.9.0; 21-Sep 1.8.0; 22-Sep 1.19.0; 22-Sep 1.18.0; 22-Sep 1.17.0
    02__Src__AppModules/51__System__LayoutEditor/30__System__SheetTools/Na__LayoutEditor__SheetTools__PointerPress__.js
        this app 17-Sep-2026 | TrueVision 1.10.0 | after: 19-Sep 1.2.0; 21-Sep 1.6.0; 21-Sep 1.5.0; 21-Sep 1.4.0; 21-Sep 1.3.0; 22-Sep 1.9.0; 22-Sep 1.8.0; 22-Sep 1.7.0; 23-Sep 1.10.0
    02__Src__AppModules/51__System__LayoutEditor/30__System__SheetTools/Na__LayoutEditor__SheetTools__State__.js
        this app 17-Sep-2026 | TrueVision 1.8.0 | after: 19-Sep 1.3.0; 21-Sep 1.7.0; 21-Sep 1.6.0; 21-Sep 1.5.0; 21-Sep 1.4.0; 22-Sep 1.8.0
    02__Src__AppModules/51__System__LayoutEditor/30__System__SheetTools/Na__LayoutEditor__SheetTools__ToolState__.js
        this app 17-Sep-2026 | TrueVision 1.7.0 | after: 19-Sep 1.2.0; 21-Sep 1.5.0; 21-Sep 1.4.0; 21-Sep 1.3.0; 22-Sep 1.7.0; 22-Sep 1.6.0
    02__Src__AppModules/51__System__LayoutEditor/31__System__DocumentKeys/Na__LayoutEditor__DocumentKeys__.js
        this app 21-Sep-2026 | TrueVision 1.1.0 | after: -
    02__Src__AppModules/51__System__LayoutEditor/32__System__OrthoMode/Na__LayoutEditor__OrthoMode__.js
        this app 21-Sep-2026 | TrueVision 1.0.0 | after: -
    02__Src__AppModules/51__System__LayoutEditor/32__System__OrthoMode/Na__LayoutEditor__OrthoMode__State__.js
        this app 21-Sep-2026 | TrueVision 1.0.0 | after: -
    02__Src__AppModules/51__System__LayoutEditor/33__System__DrawingAxes/Na__LayoutEditor__DrawingAxes__.js
        this app 21-Sep-2026 | TrueVision 1.0.0 | after: -
    02__Src__AppModules/51__System__LayoutEditor/35__System__DrawingTools/Na__LayoutEditor__DimensionTool__.js
        this app 23-Sep-2026 | TrueVision 1.12.0 | after: -
    02__Src__AppModules/51__System__LayoutEditor/35__System__DrawingTools/Na__LayoutEditor__GradientTool__.js
        this app 22-Sep-2026 | TrueVision 1.1.0 | after: -
    02__Src__AppModules/51__System__LayoutEditor/35__System__DrawingTools/Na__LayoutEditor__LeaderTool__.js
        this app 21-Sep-2026 | TrueVision 1.2.0 | after: -
    02__Src__AppModules/51__System__LayoutEditor/35__System__DrawingTools/Na__LayoutEditor__LineStyleTool__.js
        this app 23-Sep-2026 | TrueVision 1.1.0 | after: -
    02__Src__AppModules/51__System__LayoutEditor/35__System__DrawingTools/Na__LayoutEditor__RectangleTool__.js
        this app 22-Sep-2026 | TrueVision 1.4.0 | after: -
    02__Src__AppModules/51__System__LayoutEditor/35__System__DrawingTools/Na__LayoutEditor__ShapeTool__.js
        this app 14-Sep-2026 | TrueVision 1.10.0 | after: 21-Sep 1.10.0; 21-Sep 1.9.0; 21-Sep 1.8.0; 21-Sep 1.7.0
    02__Src__AppModules/51__System__LayoutEditor/35__System__DrawingTools/Na__LayoutEditor__TextTool__.js
        this app 21-Sep-2026 | TrueVision 1.4.0 | after: -
    02__Src__AppModules/51__System__LayoutEditor/36__System__HatchPatternTools/Na__LayoutEditor__HatchPatterns__.js
        this app 29-Sep-2026 | TrueVision 1.5.0 | after: -
    02__Src__AppModules/51__System__LayoutEditor/36__System__HatchPatternTools/Na__LayoutEditor__Panel__Patterns__.js
        this app 21-Sep-2026 | TrueVision 1.1.0 | after: -
    02__Src__AppModules/51__System__LayoutEditor/37__System__VectorTools/Na__LayoutEditor__Panel__VectorTools__.js
        this app 22-Sep-2026 | TrueVision 1.1.0 | after: -
    02__Src__AppModules/51__System__LayoutEditor/37__System__VectorTools/Na__LayoutEditor__VectorTools__.js
        this app 22-Sep-2026 | TrueVision 1.2.0 | after: -
    02__Src__AppModules/51__System__LayoutEditor/37__System__VectorTools/Na__LayoutEditor__VectorTools__ArcTool__.js
        this app 21-Sep-2026 | TrueVision 1.0.0 | after: -
    02__Src__AppModules/51__System__LayoutEditor/37__System__VectorTools/Na__LayoutEditor__VectorTools__BooleanTool__.js
        this app 22-Sep-2026 | TrueVision 1.1.0 | after: -
    02__Src__AppModules/51__System__LayoutEditor/37__System__VectorTools/Na__LayoutEditor__VectorTools__Boolean__.js
        this app 22-Sep-2026 | TrueVision 1.0.0 | after: -
    02__Src__AppModules/51__System__LayoutEditor/37__System__VectorTools/Na__LayoutEditor__VectorTools__CircleTool__.js
        this app 21-Sep-2026 | TrueVision 1.0.0 | after: -
    02__Src__AppModules/51__System__LayoutEditor/37__System__VectorTools/Na__LayoutEditor__VectorTools__Curves__.js
        this app 21-Sep-2026 | TrueVision 1.0.0 | after: -
    02__Src__AppModules/51__System__LayoutEditor/37__System__VectorTools/Na__LayoutEditor__VectorTools__Geometry__.js
        this app 21-Sep-2026 | TrueVision 1.0.0 | after: -
    02__Src__AppModules/51__System__LayoutEditor/37__System__VectorTools/Na__LayoutEditor__VectorTools__JoinTool__.js
        this app 22-Sep-2026 | TrueVision 1.1.0 | after: -
    02__Src__AppModules/51__System__LayoutEditor/37__System__VectorTools/Na__LayoutEditor__VectorTools__OffsetTool__.js
        this app 22-Sep-2026 | TrueVision 1.1.0 | after: -
    02__Src__AppModules/51__System__LayoutEditor/37__System__VectorTools/Na__LayoutEditor__VectorTools__Offset__.js
        this app 21-Sep-2026 | TrueVision 1.0.0 | after: -
    02__Src__AppModules/51__System__LayoutEditor/37__System__VectorTools/Na__LayoutEditor__VectorTools__Preview__.js
        this app 21-Sep-2026 | TrueVision 1.0.0 | after: -
    02__Src__AppModules/51__System__LayoutEditor/37__System__VectorTools/Na__LayoutEditor__VectorTools__Setup__.js
        this app 21-Sep-2026 | TrueVision 1.0.0 | after: -
    02__Src__AppModules/51__System__LayoutEditor/37__System__VectorTools/Na__LayoutEditor__VectorTools__State__.js
        this app 22-Sep-2026 | TrueVision 1.1.0 | after: -
    02__Src__AppModules/51__System__LayoutEditor/37__System__VectorTools/Na__LayoutEditor__VectorTools__Targets__.js
        this app 22-Sep-2026 | TrueVision 1.2.0 | after: -
    02__Src__AppModules/51__System__LayoutEditor/37__System__VectorTools/Na__LayoutEditor__VectorTools__TrimTool__.js
        this app 22-Sep-2026 | TrueVision 1.1.0 | after: -
    02__Src__AppModules/51__System__LayoutEditor/40__Ui__Panels/Na__LayoutEditor__PanelHost__.js
        this app 21-Sep-2026 | TrueVision 1.6.0 | after: -
    02__Src__AppModules/51__System__LayoutEditor/40__Ui__Panels/Na__LayoutEditor__Panel__Dimensions__.js
        this app 17-Sep-2026 | TrueVision 1.7.0 | after: 21-Sep 1.6.0; 23-Sep 1.7.0
    02__Src__AppModules/51__System__LayoutEditor/40__Ui__Panels/Na__LayoutEditor__Panel__Layers__.js
        this app 13-Sep-2026 | TrueVision 1.3.0 | after: 21-Sep 1.2.0; 21-Sep 1.1.1; 23-Sep 1.3.0
    02__Src__AppModules/51__System__LayoutEditor/40__Ui__Panels/Na__LayoutEditor__Panel__Leaders__.js
        this app 17-Sep-2026 | TrueVision 1.2.0 | after: -
    02__Src__AppModules/51__System__LayoutEditor/40__Ui__Panels/Na__LayoutEditor__Panel__ModelLayers__.js
        this app 13-Sep-2026 | TrueVision 1.3.0 | after: 14-Sep 1.3.0
    02__Src__AppModules/51__System__LayoutEditor/40__Ui__Panels/Na__LayoutEditor__Panel__Shapes__.js
        this app 17-Sep-2026 | TrueVision 1.9.0 | after: 21-Sep 1.9.0; 21-Sep 1.8.2; 21-Sep 1.8.1
    02__Src__AppModules/51__System__LayoutEditor/40__Ui__Panels/Na__LayoutEditor__Panel__Sheet__.js
        this app 20-Sep-2026 | TrueVision 1.4.0 | after: -
    02__Src__AppModules/51__System__LayoutEditor/40__Ui__Panels/Na__LayoutEditor__Panel__SitePlanComposites__.js
        this app 20-Sep-2026 | TrueVision 1.0.0 | after: -
    02__Src__AppModules/51__System__LayoutEditor/40__Ui__Panels/Na__LayoutEditor__Panel__Styles__.js
        this app 13-Sep-2026 | TrueVision 1.7.0 | after: 20-Sep 1.7.0
    02__Src__AppModules/51__System__LayoutEditor/40__Ui__Panels/Na__LayoutEditor__Panel__Text__.js
        this app 17-Sep-2026 | TrueVision 1.4.0 | after: -
    02__Src__AppModules/51__System__LayoutEditor/40__Ui__Panels/Na__LayoutEditor__Panel__ViewportSettings__.js
        this app 15-Sep-2026 | TrueVision 1.10.0 | after: 21-Sep 1.9.0; 21-Sep 1.8.0; 22-Sep 1.10.0
    02__Src__AppModules/51__System__LayoutEditor/40__Ui__Panels/Na__LayoutEditor__Toolbar__.js
        this app 02-Oct-2026 | TrueVision 1.24.0 | after: -
    02__Src__AppModules/51__System__LayoutEditor/50__Feature__Specification/Na__LayoutEditor__MarginGrip__.js
        this app 22-Sep-2026 | TrueVision 1.3.0 | after: -
    02__Src__AppModules/51__System__LayoutEditor/50__Feature__Specification/Na__LayoutEditor__NoteRegions__.js
        this app 22-Sep-2026 | TrueVision 1.0.1 | after: -
    02__Src__AppModules/51__System__LayoutEditor/50__Feature__Specification/Na__LayoutEditor__NoteRegions__Tool__.js
        this app 22-Sep-2026 | TrueVision 1.0.0 | after: -
    02__Src__AppModules/51__System__LayoutEditor/50__Feature__Specification/Na__LayoutEditor__Panel__MarginNotes__.js
        this app 14-Sep-2026 | TrueVision 1.2.0 | after: 22-Sep 1.2.0; 22-Sep 1.1.0
    02__Src__AppModules/51__System__LayoutEditor/50__Feature__Specification/Na__LayoutEditor__Panel__MarginNotes__Leaderless__.js
        this app 22-Sep-2026 | TrueVision 1.0.0 | after: -
    02__Src__AppModules/51__System__LayoutEditor/50__Feature__Specification/Na__LayoutEditor__SpecData__.js
        this app 29-Sep-2026 | TrueVision 1.5.0 | after: -
    02__Src__AppModules/51__System__LayoutEditor/50__Feature__Specification/Na__LayoutEditor__SpecData__Document__.js
        this app 29-Sep-2026 | TrueVision 1.1.0 | after: -
    02__Src__AppModules/51__System__LayoutEditor/50__Feature__Specification/Na__LayoutEditor__SpecData__Draft__.js
        this app 29-Sep-2026 | TrueVision 1.1.0 | after: -
    02__Src__AppModules/51__System__LayoutEditor/50__Feature__Specification/Na__LayoutEditor__SpecData__Editing__.js
        this app 29-Sep-2026 | TrueVision 1.1.0 | after: -
    02__Src__AppModules/51__System__LayoutEditor/50__Feature__Specification/Na__LayoutEditor__SpecData__Lockstep__.js
        this app 29-Sep-2026 | TrueVision 1.0.0 | after: -
    02__Src__AppModules/51__System__LayoutEditor/50__Feature__Specification/Na__LayoutEditor__SpecData__State__.js
        this app 29-Sep-2026 | TrueVision 1.2.0 | after: -
    02__Src__AppModules/51__System__LayoutEditor/50__Feature__Specification/Na__LayoutEditor__SpecData__Transport__.js
        this app 29-Sep-2026 | TrueVision 1.3.0 | after: -
    02__Src__AppModules/51__System__LayoutEditor/50__Feature__Specification/Na__LayoutEditor__SpecDocument__.js
        this app 02-Oct-2026 | TrueVision 1.0.0 | after: -
    02__Src__AppModules/51__System__LayoutEditor/50__Feature__Specification/Na__LayoutEditor__SpecEditor__.js
        this app 15-Sep-2026 | TrueVision 1.2.0 | after: -
    02__Src__AppModules/51__System__LayoutEditor/50__Feature__Specification/Na__LayoutEditor__SpecEditor__Actions__.js
        this app 18-Sep-2026 | TrueVision 1.1.0 | after: -
    02__Src__AppModules/51__System__LayoutEditor/50__Feature__Specification/Na__LayoutEditor__SpecEditor__Bar__.js
        this app 29-Sep-2026 | TrueVision 1.4.0 | after: -
    02__Src__AppModules/51__System__LayoutEditor/50__Feature__Specification/Na__LayoutEditor__SpecEditor__Builders__.js
        this app 15-Sep-2026 | TrueVision 1.0.0 | after: -
    02__Src__AppModules/51__System__LayoutEditor/50__Feature__Specification/Na__LayoutEditor__SpecEditor__NoteDrag__.js
        this app 15-Sep-2026 | TrueVision 1.0.0 | after: -
    02__Src__AppModules/51__System__LayoutEditor/50__Feature__Specification/Na__LayoutEditor__SpecEditor__Notes__.js
        this app 19-Sep-2026 | TrueVision 1.1.0 | after: -
    02__Src__AppModules/51__System__LayoutEditor/50__Feature__Specification/Na__LayoutEditor__SpecEditor__Render__.js
        this app 15-Sep-2026 | TrueVision 1.0.0 | after: -
    02__Src__AppModules/51__System__LayoutEditor/50__Feature__Specification/Na__LayoutEditor__SpecEditor__State__.js
        this app 15-Sep-2026 | TrueVision 1.0.0 | after: -
    02__Src__AppModules/51__System__LayoutEditor/50__Feature__Specification/Na__LayoutEditor__SpecLinks__.js
        this app 22-Sep-2026 | TrueVision 1.2.0 | after: -
    02__Src__AppModules/51__System__LayoutEditor/50__Feature__Specification/Na__LayoutEditor__SpecLockstep__.js
        this app 29-Sep-2026 | TrueVision 1.0.0 | after: -
    02__Src__AppModules/51__System__LayoutEditor/50__Feature__Specification/Na__LayoutEditor__SpecMargin__.js
        this app 22-Sep-2026 | TrueVision 1.5.0 | after: -
    02__Src__AppModules/51__System__LayoutEditor/50__Feature__Specification/Na__LayoutEditor__SpecMargin__Column__.js
        this app 22-Sep-2026 | TrueVision 1.0.0 | after: -
    02__Src__AppModules/51__System__LayoutEditor/50__Feature__Specification/Na__LayoutEditor__SpecPdf__.js
        this app 17-Sep-2026 | TrueVision 1.0.0 | after: -
    02__Src__AppModules/51__System__LayoutEditor/51__Feature__DrawingRegister/Na__LayoutEditor__Register__Numbering__.js
        this app 19-Sep-2026 | TrueVision 1.0.1 | after: -
    02__Src__AppModules/51__System__LayoutEditor/52__Feature__StatementWriter/01__Core__Data/Na__LayoutEditor__Statement__Lockstep__.js
        this app 23-Sep-2026 | TrueVision 1.0.0 | after: -
    02__Src__AppModules/51__System__LayoutEditor/53__Feature__ProjectQrCode/Na__ProjectQr__Encoder__.js
        this app 19-Sep-2026 | TrueVision 1.0.0 | after: -
    02__Src__AppModules/51__System__LayoutEditor/53__Feature__ProjectQrCode/Na__ProjectQr__Painter__.js
        this app 19-Sep-2026 | TrueVision 1.0.0 | after: -
    02__Src__AppModules/51__System__LayoutEditor/53__Feature__ProjectQrCode/Na__ProjectQr__ProjectLink__.js
        this app 20-Sep-2026 | TrueVision 1.1.0 | after: -
    02__Src__AppModules/51__System__LayoutEditor/53__Feature__ProjectQrCode/Na__ProjectQr__Symbol__.js
        this app 21-Sep-2026 | TrueVision 1.2.0 | after: -
    02__Src__AppModules/51__System__LayoutEditor/54__Feature__SheetImages/Na__LayoutEditor__SheetImages__Encode__.js
        this app 21-Sep-2026 | TrueVision 1.1.0 | after: -
    02__Src__AppModules/51__System__LayoutEditor/54__Feature__SheetImages/Na__LayoutEditor__SheetImages__Geometry__.js
        this app 21-Sep-2026 | TrueVision 1.1.0 | after: -
    02__Src__AppModules/51__System__LayoutEditor/54__Feature__SheetImages/Na__LayoutEditor__SheetImages__Painter__.js
        this app 21-Sep-2026 | TrueVision 1.0.0 | after: -
    02__Src__AppModules/51__System__LayoutEditor/54__Feature__SheetImages/Na__LayoutEditor__SheetImages__Paint__.js
        this app 21-Sep-2026 | TrueVision 1.0.0 | after: -
    02__Src__AppModules/51__System__LayoutEditor/54__Feature__SheetImages/Na__LayoutEditor__SheetImages__Pdf__.js
        this app 21-Sep-2026 | TrueVision 1.0.0 | after: -
    02__Src__AppModules/51__System__LayoutEditor/54__Feature__SheetImages/Na__LayoutEditor__SheetImages__Setup__.js
        this app 21-Sep-2026 | TrueVision 1.1.0 | after: -
    02__Src__AppModules/51__System__LayoutEditor/54__Feature__SheetImages/Na__LayoutEditor__SheetImages__Source__.js
        this app 21-Sep-2026 | TrueVision 1.0.0 | after: -
    02__Src__AppModules/51__System__LayoutEditor/55__Feature__Scrapbook/Na__LayoutEditor__Panel__Scrapbook__.js
        this app 20-Sep-2026 | TrueVision 1.2.1 | after: -
    02__Src__AppModules/51__System__LayoutEditor/55__Feature__Scrapbook/Na__LayoutEditor__Scrapbook__.js
        this app 20-Sep-2026 | TrueVision 1.1.0 | after: -
    02__Src__AppModules/51__System__LayoutEditor/55__Feature__Scrapbook/Na__LayoutEditor__Scrapbook__TileDrag__.js
        this app 21-Sep-2026 | TrueVision 1.2.0 | after: -
    02__Src__AppModules/51__System__LayoutEditor/56__Feature__ScrapbookCustom/Na__LayoutEditor__Panel__ScrapbookCustom__.js
        this app 20-Sep-2026 | TrueVision 1.0.0 | after: -
    02__Src__AppModules/51__System__LayoutEditor/56__Feature__ScrapbookCustom/Na__LayoutEditor__ScrapbookCustom__.js
        this app 20-Sep-2026 | TrueVision 1.0.0 | after: -
    02__Src__AppModules/51__System__LayoutEditor/56__Feature__ScrapbookCustom/Na__LayoutEditor__ScrapbookCustom__Transport__.js
        this app 20-Sep-2026 | TrueVision 1.0.0 | after: -
    02__Src__AppModules/51__System__LayoutEditor/56__Feature__ScrapbookCustom/Na__LayoutEditor__Styles__ScrapbookCustom__.css
        this app 20-Sep-2026 | TrueVision 1.0.0 | after: -
    02__Src__AppModules/51__System__LayoutEditor/57__Feature__ScrapbookParametric/Na__LayoutEditor__Panel__ScrapbookParametric__.js
        this app 20-Sep-2026 | TrueVision 1.8.0 | after: 21-Sep 1.7.0; 21-Sep 1.6.0; 21-Sep 1.5.0; 29-Sep 1.8.0
    02__Src__AppModules/51__System__LayoutEditor/57__Feature__ScrapbookParametric/Na__LayoutEditor__ScrapbookParametric__.js
        this app 21-Sep-2026 | TrueVision 1.7.0 | after: -
    02__Src__AppModules/51__System__LayoutEditor/57__Feature__ScrapbookParametric/Na__LayoutEditor__ScrapbookParametric__DrawingTitle__.js
        this app 21-Sep-2026 | TrueVision 1.3.0 | after: -
    02__Src__AppModules/51__System__LayoutEditor/57__Feature__ScrapbookParametric/Na__LayoutEditor__ScrapbookParametric__Grips__.js
        this app 21-Sep-2026 | TrueVision 1.6.0 | after: -
    02__Src__AppModules/51__System__LayoutEditor/57__Feature__ScrapbookParametric/Na__LayoutEditor__ScrapbookParametric__LinkNoodle__.js
        this app 21-Sep-2026 | TrueVision 1.2.2 | after: -
    02__Src__AppModules/51__System__LayoutEditor/57__Feature__ScrapbookParametric/Na__LayoutEditor__ScrapbookParametric__ScaleBar__.js
        this app 20-Sep-2026 | TrueVision 1.1.0 | after: -
    02__Src__AppModules/51__System__LayoutEditor/57__Feature__ScrapbookParametric/Na__LayoutEditor__ScrapbookParametric__ViewportLink__.js
        this app 21-Sep-2026 | TrueVision 1.5.1 | after: -
    02__Src__AppModules/51__System__LayoutEditor/57__Feature__ScrapbookParametric/Na__LayoutEditor__Styles__ScrapbookParametric__.css
        this app 21-Sep-2026 | TrueVision 1.3.0 | after: -
    02__Src__AppModules/51__System__LayoutEditor/59__Feature__FloorAreas/Na__LayoutEditor__FloorAreas__.js
        this app 22-Sep-2026 | TrueVision 1.2.2 | after: -
    02__Src__AppModules/51__System__LayoutEditor/59__Feature__FloorAreas/Na__LayoutEditor__FloorAreas__Geometry__.js
        this app 21-Sep-2026 | TrueVision 1.1.0 | after: -
    02__Src__AppModules/51__System__LayoutEditor/59__Feature__FloorAreas/Na__LayoutEditor__FloorAreas__Menu__.js
        this app 22-Sep-2026 | TrueVision 1.1.1 | after: -
    02__Src__AppModules/51__System__LayoutEditor/59__Feature__FloorAreas/Na__LayoutEditor__FloorAreas__Paint__.js
        this app 21-Sep-2026 | TrueVision 1.1.0 | after: -
    02__Src__AppModules/51__System__LayoutEditor/59__Feature__FloorAreas/Na__LayoutEditor__FloorAreas__Tool__.js
        this app 21-Sep-2026 | TrueVision 1.0.0 | after: -
    02__Src__AppModules/51__System__LayoutEditor/60__Feature__PdfExport/Na__LayoutEditor__PdfExporter__.js
        this app 02-Oct-2026 | TrueVision 1.12.0 | after: -
    02__Src__AppModules/51__System__LayoutEditor/60__Feature__PdfExport/Na__LayoutEditor__PdfFilename__.js
        this app 17-Sep-2026 | TrueVision 1.0.0 | after: -
    02__Src__AppModules/51__System__LayoutEditor/60__Feature__PdfExport/Na__LayoutEditor__PdfFonts__.js
        this app 14-Sep-2026 | TrueVision 1.0.0 | after: -
    02__Src__AppModules/51__System__LayoutEditor/70__DevTools__DevMenu/Na__LayoutEditor__DevMenu__Controls__.js
        this app 02-Oct-2026 | TrueVision 1.3.0 | after: -
    02__Src__AppModules/51__System__LayoutEditor/80__Feature__WebViewer/Na__LayoutEditor__WebViewer__.js
        this app 18-Sep-2026 | TrueVision 1.2.0 | after: 29-Sep 1.2.0 [2.166.0]
    02__Src__AppModules/51__System__LayoutEditor/80__Feature__WebViewer/Na__LayoutEditor__WebViewer__Drawings__.js
        this app 18-Sep-2026 | TrueVision 1.1.0 | after: -
    02__Src__AppModules/51__System__LayoutEditor/80__Feature__WebViewer/Na__LayoutEditor__WebViewer__Spec__.js
        this app 18-Sep-2026 | TrueVision 1.0.0 | after: -
    02__Src__AppModules/51__System__LayoutEditor/80__Feature__WebViewer/Na__LayoutEditor__WebViewer__TouchControls__.js
        this app 18-Sep-2026 | TrueVision 1.1.0 | after: -
    02__Src__AppModules/54__Feature__ColourPalette/Na__ColourPalette__.js
        this app 21-Sep-2026 | TrueVision 1.0.0 | after: -
    02__Src__AppModules/54__Feature__ColourPalette/Na__ColourPalette__Manager__.js
        this app 21-Sep-2026 | TrueVision 1.1.0 | after: -
    02__Src__AppModules/54__Feature__ColourPalette/Na__ColourPalette__Picker__.js
        this app 21-Sep-2026 | TrueVision 1.1.0 | after: -
    02__Src__AppModules/55__Feature__SpellCheck/Na__SpellCheck__.js
        this app 22-Sep-2026 | TrueVision 1.0.0 | after: -
    02__Src__AppModules/55__Feature__SpellCheck/Na__SpellCheck__Dictionary__.js
        this app 22-Sep-2026 | TrueVision 1.0.0 | after: -
    02__Src__AppModules/55__Feature__SpellCheck/Na__SpellCheck__Field__.js
        this app 22-Sep-2026 | TrueVision 1.0.0 | after: -
    02__Src__AppModules/55__Feature__SpellCheck/Na__SpellCheck__Styles__.css
        this app 22-Sep-2026 | TrueVision 1.0.0 | after: -
    02__Src__AppModules/55__Feature__SpellCheck/Na__SpellCheck__WordBar__.js
        this app 22-Sep-2026 | TrueVision 1.0.0 | after: -
    02__Src__AppModules/70__System__DevTools/Na__UiFeature__DevMenu__LocalhostOnly.js
        this app 12-Sep-2026 | TrueVision 1.0.0 | after: -
    02__Src__AppModules/70__System__DevTools/Na__UiFeature__NavigationModes__DevControls.js
        this app 26-Jun-2026 | TrueVision 1.0.0 | after: -
    02__Src__AppModules/70__System__DevTools/Na__UiFeature__PurgeAppCache__Button.js
        this app 26-Jun-2026 | TrueVision 1.0.0 | after: 16-Sep 1.0.0
    02__Src__AppModules/70__System__DevTools/Na__UiFeature__SceneInspector__Controls.js
        this app 11-Mar-2026 | TrueVision 1.1.0 | after: 25-May 1.0.0; 06-Jun 1.1.0
    02__Src__AppModules/80__CloudflareIntegration/Na__CloudflareIntegration__ApiClient__.js
        this app 01-Oct-2026 | TrueVision 1.5.0 | after: -

  RESULT: PASS (0 fail, 111 warn, 185 pending)
