relpath	lines	bytes
.cursorignore		437
.cursorrules		11285
.cursorworkspace__TrueVision3D__.code-workspace		9994
80__Testing__PrototypeEnvironment__CleanBackUp__.zip		612033
DEPENDENCY_CHART.md	40	2260
Index.html	1862	130147
Na__Pwa__ServiceWorker__.js	50	2995
TrueVision__DEVLOG__.md	18057	1391389
TrueVision__NOTES__DrawingNumberingSchema__.md	175	7926
TrueVision__NOTES__LayoutEditorPerformance__.md	267	16910
TrueVision__NOTES__SitePlanComposites__Design__.md	2977	597644
TrueVision__NOTES__SitePlanComposites__Survey__.md	3416	581754
TrueVision__NOTES__StandardDrawingGroups__.md	123	7932
TrueVision__NOTES__StatementWriter__.md	846	52533
TrueVision__PLAN__DraftMode__.md	302	22165
TrueVision__PLAN__DrawingMenus__.md	140	12065
TrueVision__PLAN__DrawingPlanes__.md	134	12331
TrueVision__PLAN__ElevationDepthFog__.md	223	16773
TrueVision__PLAN__FloorAreas__.md	335	30448
TrueVision__PLAN__PublishingSystem__.md	536	32944
TrueVision__PLAN__ScrapbookSystem__.md	1128	98677
TrueVision__PLAN__SheetImages__.md	164	12678
TrueVision__PLAN__SitePlanComposites__.md	977	88433
TrueVision__PLAN__SitePlanDrawings__.md	761	59369
TrueVision__PLAN__ValeVisionRealign__DrawingSystems__.md	997	120611
TrueVision__PLAN__VectorTools__.md	339	27775
TrueVision__README__.md	228	11539
TrueVision__TASKS__v1.9.7__Stylesheets__.mdh		18448
TrueVision__TASKS__v2.0.1__CodebaseMigration__.md	376	23011
TrueVision__TASKS__v2.0.2__UpdateSubdirectories__.md	181	8176
__StupidProof__Plan__Fix__ProfileLines__GPU__Drain__.md	353	22125
.cursor/rules/00-AgentRole-Global-.mdc		774
.cursor/rules/01-NamingConvention-Global-.mdc		493
.cursor/rules/02-Description-Global-.mdc		2398
.cursor/rules/03-Dependency-Traversal-Protocol-.mdc		2086
.cursor/rules/04-AppConfig-Global-Critical-.mdc		342
.cursor/rules/05-CodingConventions-Global-.mdc		1025
.cursor/rules/06-Function-and-Class-Design-Principles-.mdc		879
.cursor/rules/07-World-Units-And-Conversions-Required-Global-.mdc		960
.cursor/rules/30-materials-library-single-source-of-truth.mdc		3160
00__ArchivedVersions/ValeVision3D__0.1.0__10-Feb-2026__.zip		21121739
00__ArchivedVersions/ValeVision3D__0.1.6__16-Feb-2026__.zip		22625672
00__ArchivedVersions/_vv_extract/.cursorignore		56
00__ArchivedVersions/_vv_extract/.cursorrules		11285
00__ArchivedVersions/_vv_extract/.cursorworkspace__ValeVision3D__.code-workspace		6864
00__ArchivedVersions/_vv_extract/.cursorworkspace__ValeVision3D__HomePc__.code-workspace		6884
00__ArchivedVersions/_vv_extract/80__Testing__PrototypeEnvironment__CleanBackUp__.zip		612033
00__ArchivedVersions/_vv_extract/DEPENDENCY_CHART.md	39	1971
00__ArchivedVersions/_vv_extract/Na__Architecture__ProjectStructure__PipelineMap__.md	221	9481
00__ArchivedVersions/_vv_extract/ValeVision__DEVLOG__.md	568	38912
00__ArchivedVersions/_vv_extract/ValeVision__README__.md	340	20169
00__ArchivedVersions/_vv_extract/index.html	894	48823
00__ArchivedVersions/_vv_extract/.cursor/rules/00-AgentRole-Global-.mdc		774
00__ArchivedVersions/_vv_extract/.cursor/rules/01-NamingConvention-Global-.mdc		493
00__ArchivedVersions/_vv_extract/.cursor/rules/02-Description-Global-.mdc		2398
00__ArchivedVersions/_vv_extract/.cursor/rules/03-AppConfig-Global-Critical-.mdc		325
00__ArchivedVersions/_vv_extract/.cursor/rules/04-CodingConventions-Global-.mdc		1025
00__ArchivedVersions/_vv_extract/.cursor/rules/04-World-Units-And-Conversions-Required-Global-.mdc		924
00__ArchivedVersions/_vv_extract/10__DistributionEmails/Distro__InviteEmailEmbedCard__ValeVision3d.html	130	7793
00__ArchivedVersions/_vv_extract/80__Testing__PrototypeEnvironment/TestEnv__FlaskLocalServer.bat		1197
00__ArchivedVersions/_vv_extract/80__Testing__PrototypeEnvironment/TestEnv__FlaskLocalServer.py	262	12523
00__ArchivedVersions/_vv_extract/80__Testing__PrototypeEnvironment/TestEnv__PrototypeTestingSandbox__DomAndLayout.html	233	11234
00__ArchivedVersions/_vv_extract/80__Testing__PrototypeEnvironment/TestEnv__PrototypeTestingSandbox__Main__.js	1393	71782
00__ArchivedVersions/_vv_extract/80__Testing__PrototypeEnvironment/TestEnv__PrototypeTestingSandbox__Stylesheet.css	864	38726
00__ArchivedVersions/_vv_extract/80__Testing__PrototypeEnvironment/TestEnv__README__.md	77	4892
00__ArchivedVersions/_vv_extract/80__Testing__PrototypeEnvironment/TestEnv__SubAppData__Config.json	100	5574
00__ArchivedVersions/_vv_extract/80__Testing__PrototypeEnvironment/TestEnv__CompletedFeaturesDocs/Test__ModelInteraction__Animation__ClickToOpenDoors__.md	65	2101
00__ArchivedVersions/_vv_extract/80__Testing__PrototypeEnvironment/TestEnv__CurrentFeatureTestScripts/Test__TopLevelContainer__BuildingModelsByStorey__.js	133	9849
00__ArchivedVersions/_vv_extract/80__Testing__PrototypeEnvironment/TestEnv__CurrentFeatureTestScripts/Test__TopLevelContainer__BuildingModelsByStorey__.md	138	10258
00__ArchivedVersions/_vv_extract/80__Testing__PrototypeEnvironment/TestEnv__GlbFiles/DoorTesting__WorkingDoorAnimationModels__.zip		16423
00__ArchivedVersions/_vv_extract/80__Testing__PrototypeEnvironment/TestEnv__GlbFiles/FirstHouseTest__ShellOnly__.zip		35766
00__ArchivedVersions/_vv_extract/80__Testing__PrototypeEnvironment/TestEnv__GlbFiles/Moore__ProjectTestFiles__.zip		577411
00__ArchivedVersions/_vv_extract/80__Testing__PrototypeEnvironment/TestEnv__GlbFiles/NP03__01__OrbitHelperCube__MeshModel__.glb		2272
00__ArchivedVersions/_vv_extract/80__Testing__PrototypeEnvironment/TestEnv__GlbFiles/NP03__NaModel__LandscapeEnvironment__LineworkModel__.glb		2104
00__ArchivedVersions/_vv_extract/80__Testing__PrototypeEnvironment/TestEnv__GlbFiles/NP03__NaModel__LandscapeEnvironment__MeshModel__.glb		2252
00__ArchivedVersions/_vv_extract/80__Testing__PrototypeEnvironment/TestEnv__GlbFiles/NP03__Storey__FirstFloor__ProposedDoors__LineworkModel__.glb		262268
00__ArchivedVersions/_vv_extract/80__Testing__PrototypeEnvironment/TestEnv__GlbFiles/NP03__Storey__FirstFloor__ProposedDoors__MeshModel__.glb		1188308
00__ArchivedVersions/_vv_extract/80__Testing__PrototypeEnvironment/TestEnv__GlbFiles/NP03__Storey__FirstFloor__ProposedFloors__LineworkModel__.glb		1988
00__ArchivedVersions/_vv_extract/80__Testing__PrototypeEnvironment/TestEnv__GlbFiles/NP03__Storey__FirstFloor__ProposedFloors__MeshModel__.glb		3964
00__ArchivedVersions/_vv_extract/80__Testing__PrototypeEnvironment/TestEnv__GlbFiles/NP03__Storey__FirstFloor__ProposedStairs__LineworkModel__.glb		27500
00__ArchivedVersions/_vv_extract/80__Testing__PrototypeEnvironment/TestEnv__GlbFiles/NP03__Storey__FirstFloor__ProposedStairs__MeshModel__.glb		35176
00__ArchivedVersions/_vv_extract/80__Testing__PrototypeEnvironment/TestEnv__GlbFiles/NP03__Storey__FirstFloor__ProposedWalls__LineworkModel__.glb		19940
00__ArchivedVersions/_vv_extract/80__Testing__PrototypeEnvironment/TestEnv__GlbFiles/NP03__Storey__FirstFloor__ProposedWalls__MeshModel__.glb		28292
00__ArchivedVersions/_vv_extract/80__Testing__PrototypeEnvironment/TestEnv__GlbFiles/NP03__Storey__FirstFloor__ProposedWindows__LineworkModel__.glb		70668
00__ArchivedVersions/_vv_extract/80__Testing__PrototypeEnvironment/TestEnv__GlbFiles/NP03__Storey__FirstFloor__ProposedWindows__MeshModel__.glb		91148
00__ArchivedVersions/_vv_extract/80__Testing__PrototypeEnvironment/TestEnv__GlbFiles/NP03__Storey__GroundFloor__ProposedDoors__LineworkModel__.glb		188340
00__ArchivedVersions/_vv_extract/80__Testing__PrototypeEnvironment/TestEnv__GlbFiles/NP03__Storey__GroundFloor__ProposedDoors__MeshModel__.glb		438164
00__ArchivedVersions/_vv_extract/80__Testing__PrototypeEnvironment/TestEnv__GlbFiles/NP03__Storey__GroundFloor__ProposedFloors__LineworkModel__.glb		2792
00__ArchivedVersions/_vv_extract/80__Testing__PrototypeEnvironment/TestEnv__GlbFiles/NP03__Storey__GroundFloor__ProposedFloors__MeshModel__.glb		4048
00__ArchivedVersions/_vv_extract/80__Testing__PrototypeEnvironment/TestEnv__GlbFiles/NP03__Storey__GroundFloor__ProposedRoofs__LineworkModel__.glb		44572
00__ArchivedVersions/_vv_extract/80__Testing__PrototypeEnvironment/TestEnv__GlbFiles/NP03__Storey__GroundFloor__ProposedRoofs__MeshModel__.glb		65552
00__ArchivedVersions/_vv_extract/80__Testing__PrototypeEnvironment/TestEnv__GlbFiles/NP03__Storey__GroundFloor__ProposedStairs__LineworkModel__.glb		24296
00__ArchivedVersions/_vv_extract/80__Testing__PrototypeEnvironment/TestEnv__GlbFiles/NP03__Storey__GroundFloor__ProposedStairs__MeshModel__.glb		33844
00__ArchivedVersions/_vv_extract/80__Testing__PrototypeEnvironment/TestEnv__GlbFiles/NP03__Storey__GroundFloor__ProposedWalls__LineworkModel__.glb		18420
00__ArchivedVersions/_vv_extract/80__Testing__PrototypeEnvironment/TestEnv__GlbFiles/NP03__Storey__GroundFloor__ProposedWalls__MeshModel__.glb		27280
00__ArchivedVersions/_vv_extract/80__Testing__PrototypeEnvironment/TestEnv__GlbFiles/NP03__Storey__GroundFloor__ProposedWindows__LineworkModel__.glb		86784
00__ArchivedVersions/_vv_extract/80__Testing__PrototypeEnvironment/TestEnv__GlbFiles/NP03__Storey__GroundFloor__ProposedWindows__MeshModel__.glb		111672
00__ArchivedVersions/_vv_extract/80__Testing__PrototypeEnvironment/TestEnv__GlbFiles/NP03__Storey__SecondFloor__ProposedFloors__LineworkModel__.glb		1524
00__ArchivedVersions/_vv_extract/80__Testing__PrototypeEnvironment/TestEnv__GlbFiles/NP03__Storey__SecondFloor__ProposedFloors__MeshModel__.glb		2712
00__ArchivedVersions/_vv_extract/80__Testing__PrototypeEnvironment/TestEnv__GlbFiles/NP03__Storey__SecondFloor__ProposedRoofs__LineworkModel__.glb		26088
00__ArchivedVersions/_vv_extract/80__Testing__PrototypeEnvironment/TestEnv__GlbFiles/NP03__Storey__SecondFloor__ProposedRoofs__MeshModel__.glb		37028
00__ArchivedVersions/_vv_extract/80__Testing__PrototypeEnvironment/TestEnv__GlbFiles/NP03__Storey__SecondFloor__ProposedWalls__LineworkModel__.glb		1652
00__ArchivedVersions/_vv_extract/80__Testing__PrototypeEnvironment/TestEnv__GlbFiles/NP03__Storey__SecondFloor__ProposedWalls__MeshModel__.glb		2748
00__ArchivedVersions/_vv_extract/assets__Skydomes/HdriSkydome__RuralLandscape__AutumnField__SunnyDay__4k__.hdr		25683895
00__ArchivedVersions/_vv_extract/rubyScript__SketchUpSisterTools__ToolsAndUtils/Na__TrueVision__GlbBuilder__Version-1.3.0__10-Feb-2026__.zip		38421
00__ArchivedVersions/_vv_extract/rubyScript__SketchUpSisterTools__ToolsAndUtils/Na__TrueVision__GlbBuilder__Version-1.4.0__10-Feb-2026__.zip		39776
00__ArchivedVersions/_vv_extract/src__3dObject__InteractionsSystem/3dObjectIInteraction__Animation__ClickToOpenDoors__.js	624	36677
00__ArchivedVersions/_vv_extract/src__3dObject__InteractionsSystem/3dObjectIInteraction__Animation__ClickToOpenDoors__README__.md	349	11599
00__ArchivedVersions/_vv_extract/src__3dObject__ViewBuildingStoreysSystem/3dObject__ViewBuildingStoreys__README__.md	525	17986
00__ArchivedVersions/_vv_extract/src__3dObject__ViewBuildingStoreysSystem/3dObject__ViewBuildingStoreys__SystemLogic__.js	387	19467
00__ArchivedVersions/_vv_extract/src__AppConfig/Na__AppConfig__Loader.js	26	1064
00__ArchivedVersions/_vv_extract/src__AppConfig/Na__AppConfig__Main.json	157	7505
00__ArchivedVersions/_vv_extract/src__AppConfig/Na__AppConfig__MaterialsLibrary.json	60	2383
00__ArchivedVersions/_vv_extract/src__CameraUtils/Na__UiFeature__CameraLens__Controls.js	100	4717
00__ArchivedVersions/_vv_extract/src__CameraUtils/Na__UiFeature__CameraPosition__Controls.js	259	11592
00__ArchivedVersions/_vv_extract/src__GenerateObjects/GenerateObject__AnimatedBallCloud.js	50	1854
00__ArchivedVersions/_vv_extract/src__GenerateObjects/GenerateObject__AnimatedRGBBoxes.js	57	1979
00__ArchivedVersions/_vv_extract/src__GenerateObjects/GenerateObject__AnimatedWhiteStars.js	49	1880
00__ArchivedVersions/_vv_extract/src__ImageExport/Na__ImageExport__PostProcessEffects__HighPassSharpen.js	121	7164
00__ArchivedVersions/_vv_extract/src__ImageExport/Na__ImageExport__PostProcessEffects__Levels.js	87	4789
00__ArchivedVersions/_vv_extract/src__ImageExport/Na__ImageExport__PostProcessEffects__Pipeline.js	106	6181
00__ArchivedVersions/_vv_extract/src__ImageExport/Na__UiFeature__ImageExport__Controls.js	424	23267
00__ArchivedVersions/_vv_extract/src__ImageExport/Na__UiFeature__ImageExport__ViewportOverlays.js	244	13586
00__ArchivedVersions/_vv_extract/src__MathUtils/Na__Math__Units.js	38	1625
00__ArchivedVersions/_vv_extract/src__ModelLoader/Na__ModelLoader__MultiModel.js	481	27954
00__ArchivedVersions/_vv_extract/src__ModelToggle/Na__UiFeature__ModelToggle__Controls.js	219	12396
00__ArchivedVersions/_vv_extract/src__NavigationAndCameras/Na__DefaultNavmode__IpadControls.js	142	6707
00__ArchivedVersions/_vv_extract/src__NavigationAndCameras/Na__DefaultNavmode__MouseControls.js	242	11878
00__ArchivedVersions/_vv_extract/src__NavigationAndCameras/Na__Navmode__OrbitControls__Setup.js	148	6386
00__ArchivedVersions/_vv_extract/src__PageLayoutSystem/Na__PageLayoutSystem__2dNavigationControls__.js	163	8348
00__ArchivedVersions/_vv_extract/src__PageLayoutSystem/Na__PageLayoutSystem__CanvasRenderPipeline__.js	226	12825
00__ArchivedVersions/_vv_extract/src__PageLayoutSystem/Na__PageLayoutSystem__Controls__Pc__.js	363	21671
00__ArchivedVersions/_vv_extract/src__PageLayoutSystem/Na__PageLayoutSystem__Controls__TouchScreen__.js	368	21304
00__ArchivedVersions/_vv_extract/src__PageLayoutSystem/Na__PageLayoutSystem__Layout__.html	183	8938
00__ArchivedVersions/_vv_extract/src__PageLayoutSystem/Na__PageLayoutSystem__PdfExport__A3__.js	223	10707
00__ArchivedVersions/_vv_extract/src__PageLayoutSystem/Na__PageLayoutSystem__Stylesheet__.css	284	11778
00__ArchivedVersions/_vv_extract/src__PageLayoutSystem/Na__PageLayoutSystem__SystemLogic__Main__.js	296	15725
00__ArchivedVersions/_vv_extract/src__PageLayoutSystem/PageLayoutSystem__TitleBlock__A3__.pdf		226052
00__ArchivedVersions/_vv_extract/src__PageLayoutSystem/PageLayoutSystem__TitleBlock__A3__.png		249599
00__ArchivedVersions/_vv_extract/src__PageLayoutSystem/01__Dependencies__VersionLocked/jspdf.umd.js	32999	1234402
00__ArchivedVersions/_vv_extract/src__RenderPipeline/Na__RenderEffect__ProfileLines__.js	195	8986
00__ArchivedVersions/_vv_extract/src__RenderPipeline/Na__RenderPipeline__PostProcessing__Setup.js	72	3251
00__ArchivedVersions/_vv_extract/src__Styles/base.css	37	1491
00__ArchivedVersions/_vv_extract/src__Styles/canvas.css	19	1120
00__ArchivedVersions/_vv_extract/src__Styles/controls-instructions-panel.css	254	11363
00__ArchivedVersions/_vv_extract/src__Styles/fonts.css	38	1891
00__ArchivedVersions/_vv_extract/src__Styles/header.css	108	6369
00__ArchivedVersions/_vv_extract/src__Styles/image-export-overlays.css	132	7750
00__ArchivedVersions/_vv_extract/src__Styles/index.css	54	1862
00__ArchivedVersions/_vv_extract/src__Styles/loading-overlay.css	117	6970
00__ArchivedVersions/_vv_extract/src__Styles/ui-components.css	680	26610
01__AppAssets__TrueVision/05__AppAssets__SkyDomes/HdriSkydome__RuralLandscape__AutumnField__SunnyDay__4k__.hdr		25683895
01__AppAssets__TrueVision/05__AppAssets__SkyDomes/HdriSkydome__RuralLandscape__AutumnField__SunnyDay__OptimisedVersion__1024p__.hdr		1526912
01__AppAssets__TrueVision/06__AppAssets__TitleBlocks/TitleBlock__ClassicScan__A3__.png		76934
01__AppAssets__TrueVision/UiIcons__MenuIcons__NavigationMenu/Icon__NavigationMenu__FlyMode__.png		10914
01__AppAssets__TrueVision/UiIcons__MenuIcons__NavigationMenu/Icon__NavigationMenu__IconsCollectionArtboard__.png		40073
01__AppAssets__TrueVision/UiIcons__MenuIcons__NavigationMenu/Icon__NavigationMenu__OpenNavHelpPanel__.png		11842
01__AppAssets__TrueVision/UiIcons__MenuIcons__NavigationMenu/Icon__NavigationMenu__OrbitMode__.png		10286
01__AppAssets__TrueVision/UiIcons__MenuIcons__NavigationMenu/Icon__NavigationMenu__ResetView__.png		9511
01__AppAssets__TrueVision/UiIcons__MenuIcons__NavigationMenu/Icon__NavigationMenu__WalkMode__.png		8399
01__AppAssets__TrueVision/UiIcons__MenuIcons__NavigationMenu/UI__Idea__NavigationMenu__.png		1582908
01__AppAssets__TrueVision/UiIcons__MenuIcons__ToolsMenu/Icon__ToolsMenu__CameraSettings__1080p__.png		231661
01__AppAssets__TrueVision/UiIcons__MenuIcons__ToolsMenu/Icon__ToolsMenu__CameraSettings__540p__.png		87031
01__AppAssets__TrueVision/UiIcons__MenuIcons__ToolsMenu/Icon__ToolsMenu__ElevationView__1080p__.png		105664
01__AppAssets__TrueVision/UiIcons__MenuIcons__ToolsMenu/Icon__ToolsMenu__ElevationView__540p__.png		44593
01__AppAssets__TrueVision/UiIcons__MenuIcons__ToolsMenu/Icon__ToolsMenu__ExportImage__1080p__.png		158286
01__AppAssets__TrueVision/UiIcons__MenuIcons__ToolsMenu/Icon__ToolsMenu__ExportImage__540p__.png		65447
01__AppAssets__TrueVision/UiIcons__MenuIcons__ToolsMenu/Icon__ToolsMenu__FullScreen__1080p__.png		576364
01__AppAssets__TrueVision/UiIcons__MenuIcons__ToolsMenu/Icon__ToolsMenu__FullScreen__540p__.png		174185
01__AppAssets__TrueVision/UiIcons__MenuIcons__ToolsMenu/Icon__ToolsMenu__GridSystem__1080p__.png		109308
01__AppAssets__TrueVision/UiIcons__MenuIcons__ToolsMenu/Icon__ToolsMenu__GridSystem__540p__.png		48577
01__AppAssets__TrueVision/UiIcons__MenuIcons__ToolsMenu/Icon__ToolsMenu__MainMenuIcon__1080p__.png		25978
01__AppAssets__TrueVision/UiIcons__MenuIcons__ToolsMenu/Icon__ToolsMenu__MainMenuIcon__540p__.png		31267
01__AppAssets__TrueVision/UiIcons__MenuIcons__ToolsMenu/Icon__ToolsMenu__ShareLink__1080p__.png		567813
01__AppAssets__TrueVision/UiIcons__MenuIcons__ToolsMenu/Icon__ToolsMenu__ShareLink__540p__.png		161321
01__AppAssets__TrueVision/UiIcons__MenuIcons__ToolsMenu/Icon__ToolsMenu__ViewModelLayers__1080p__.png		291689
01__AppAssets__TrueVision/UiIcons__MenuIcons__ToolsMenu/Icon__ToolsMenu__ViewModelLayers__540p__.png		106215
02__Src__AppModules/01__AppCore/AppCore__DataLib__Loader.js	270	11971
02__Src__AppModules/01__AppCore/Na__AppConfig__Loader.js	44	1923
02__Src__AppModules/01__AppCore/Na__AppFlow__LoadingSequence.js	1524	92816
02__Src__AppModules/01__AppCore/Na__AppLoader__ProjectDataLoader__.js	1	26
02__Src__AppModules/02__AppData/Na__AppConfig__Main.json	342	28881
02__Src__AppModules/02__AppData/Na__Hotkeys__3dModelTab__.json	221	11232
02__Src__AppModules/03__AppUtils/Na__AppUtils__ConfirmDialog.js	215	10559
02__Src__AppModules/03__AppUtils/Na__AppUtils__DevGate__.js	248	12140
02__Src__AppModules/03__AppUtils/Na__AppUtils__KeyScope__.js	237	13790
02__Src__AppModules/03__AppUtils/Na__AppUtils__LocalProjectMirror__.js	447	26634
02__Src__AppModules/03__AppUtils/Na__AppUtils__ProjectLoader.js	342	16199
02__Src__AppModules/03__AppUtils/Na__AppUtils__R2AssetUpload__.js	165	8385
02__Src__AppModules/03__AppUtils/Na__AppUtils__SnapshotHistory.js	273	12181
02__Src__AppModules/04__MathUtils/Na__Math__Units.js	38	1625
02__Src__AppModules/05__RenderPipeline/Na__RenderEffect__DistanceCulling__.js	446	21400
02__Src__AppModules/05__RenderPipeline/Na__RenderEffect__ProfileLines__.js	409	22474
02__Src__AppModules/05__RenderPipeline/Na__RenderEffect__ProgressiveRefine__.js	884	50423
02__Src__AppModules/05__RenderPipeline/Na__RenderEffect__SectionClipping__State.js	159	7699
02__Src__AppModules/05__RenderPipeline/Na__RenderEffect__Supersampler__.js	563	29698
02__Src__AppModules/05__RenderPipeline/Na__RenderLoop__InteractiveOverlays__.js	170	8107
02__Src__AppModules/05__RenderPipeline/Na__RenderLoop__Invalidation.js	89	3843
02__Src__AppModules/05__RenderPipeline/Na__RenderPipeline__PostProcessing__Setup.js	333	18676
02__Src__AppModules/05__RenderPipeline/Na__UiFeature__VisualEffects__Controls.js	344	17297
02__Src__AppModules/06__Scene__LightingEffects/Na__Scene__DefaultSceneLighting.js	135	7339
02__Src__AppModules/06__Scene__LightingEffects/Na__Scene__PerSceneLighting__.js	610	34271
02__Src__AppModules/07__Scene__EnvironmentEffects/Na__RenderEffect__AmbientOcclusion__.js	472	24532
02__Src__AppModules/07__Scene__EnvironmentEffects/Na__RenderEffect__AmbientOcclusion__Shader.js	354	17427
02__Src__AppModules/07__Scene__EnvironmentEffects/Na__Scene__DefaultFogEffect.js	197	8901
02__Src__AppModules/10__NavigationAndCameras/Na__Camera__ProjectStartState.js	166	8966
02__Src__AppModules/10__NavigationAndCameras/Na__DefaultNavmode__IpadControls.js	166	8080
02__Src__AppModules/10__NavigationAndCameras/Na__DefaultNavmode__MouseControls.js	258	12927
02__Src__AppModules/10__NavigationAndCameras/Na__Hotkeys__Manager.js	354	19213
02__Src__AppModules/10__NavigationAndCameras/Na__NavigationModes__State.js	112	5101
02__Src__AppModules/10__NavigationAndCameras/Na__NavigationModes__Switcher.js	168	8405
02__Src__AppModules/10__NavigationAndCameras/Na__Navmode__FlyMode__DesktopControls.js	438	22040
02__Src__AppModules/10__NavigationAndCameras/Na__Navmode__FlyMode__SystemLogic.js	600	31801
02__Src__AppModules/10__NavigationAndCameras/Na__Navmode__FlyMode__TouchScreenControls.js	388	18102
02__Src__AppModules/10__NavigationAndCameras/Na__Navmode__ModeTransition.js	241	10123
02__Src__AppModules/10__NavigationAndCameras/Na__Navmode__OrbitControls__Damping.js	39	1605
02__Src__AppModules/10__NavigationAndCameras/Na__Navmode__OrbitMode__SystemLogic.js	153	6605
02__Src__AppModules/10__NavigationAndCameras/Na__Navmode__WalkMode__DesktopControls.js	364	17727
02__Src__AppModules/10__NavigationAndCameras/Na__Navmode__WalkMode__SystemLogic.js	947	49789
02__Src__AppModules/10__NavigationAndCameras/Na__Navmode__WalkMode__TouchScreenControls.js	361	16908
02__Src__AppModules/10__NavigationAndCameras/Na__UiFeature__FlyModeControls.js	202	10638
02__Src__AppModules/10__NavigationAndCameras/Na__UiFeature__FlyModeEventListeners.js	83	3886
02__Src__AppModules/10__NavigationAndCameras/Na__UiFeature__NavigationHelpPanel__Controls.js	197	9853
02__Src__AppModules/10__NavigationAndCameras/Na__UiFeature__NavigationToolbar__Controls.js	465	26612
02__Src__AppModules/10__NavigationAndCameras/Na__UiFeature__WalkModeControls.js	203	10772
02__Src__AppModules/10__NavigationAndCameras/Na__UiFeature__WalkModeEventListeners.js	86	4086
02__Src__AppModules/11__CameraUtils/Na__UiFeature__CameraLens__Controls.js	102	4756
02__Src__AppModules/11__CameraUtils/Na__UiFeature__CameraPosition__Controls.js	261	11637
02__Src__AppModules/11__CameraUtils/Na__UiFeature__OrbitMaxDistance__DevControls.js	316	16173
02__Src__AppModules/11__CameraUtils/Na__UiFeature__SaveCameraSettings.js	133	6309
02__Src__AppModules/11__CameraUtils/Na__UiFeature__ViewModeFov__DevControls.js	360	18689
02__Src__AppModules/15__ModelLoader/Na__ModelLoader__ContentStamp__.js	214	11361
02__Src__AppModules/15__ModelLoader/Na__ModelLoader__InstanceConsolidation__.js	226	10776
02__Src__AppModules/15__ModelLoader/Na__ModelLoader__LineworkColours__.js	334	14155
02__Src__AppModules/15__ModelLoader/Na__ModelLoader__MultiModel.js	894	45705
02__Src__AppModules/20__System__MaterialsSystem/Na__MaterialsSystem__LibraryLoader.js	146	6243
02__Src__AppModules/20__System__MaterialsSystem/Na__MaterialsSystem__MaterialSwap.js	569	29389
02__Src__AppModules/21__System__PresentationMode/Na__PresentationMode__Camera__SceneTransition.js	694	38604
02__Src__AppModules/21__System__PresentationMode/Na__PresentationMode__DevMenu__BatchOps__.js	550	29087
02__Src__AppModules/21__System__PresentationMode/Na__PresentationMode__DevMenu__GroupEditor__.js	555	27201
02__Src__AppModules/21__System__PresentationMode/Na__PresentationMode__DevMenu__Modal__.js	520	25064
02__Src__AppModules/21__System__PresentationMode/Na__PresentationMode__DevMenu__SceneEditor.js	2583	140860
02__Src__AppModules/21__System__PresentationMode/Na__PresentationMode__DevMenu__SceneLightingRows__.js	476	21820
02__Src__AppModules/21__System__PresentationMode/Na__PresentationMode__ProjectJson__SceneData.js	473	26834
02__Src__AppModules/21__System__PresentationMode/Na__PresentationMode__SceneGroups__AppConfig__.json	68	3837
02__Src__AppModules/21__System__PresentationMode/Na__PresentationMode__SceneGroups__Data__.js	595	32767
02__Src__AppModules/21__System__PresentationMode/Na__PresentationMode__Styles__SceneGroupSelector__.css	534	21187
02__Src__AppModules/21__System__PresentationMode/Na__PresentationMode__Thumbnail__Renderer.js	287	15233
02__Src__AppModules/21__System__PresentationMode/Na__PresentationMode__UI__SceneCarousel.js	846	46508
02__Src__AppModules/21__System__PresentationMode/Na__PresentationMode__UI__SceneGroupSelector__.js	474	24324
02__Src__AppModules/21__System__PresentationMode/Na__PresentationMode__Visibility__StateCapture.js	196	10561
02__Src__AppModules/25__System__3dObject__InteractionSystem/3dObjectIInteraction__Animation__ClickToOpenDoors__.js	1490	88656
02__Src__AppModules/25__System__3dObject__InteractionSystem/3dObjectIInteraction__Animation__ClickToOpenDoors__README__.md	660	31757
02__Src__AppModules/25__System__3dObject__InteractionSystem/3dObjectInteraction__Animation__CameraFollowBillboards__.js	394	20881
02__Src__AppModules/25__System__3dObject__InteractionSystem/3dObjectInteraction__Animation__WalkMode__ProximityToOpenDoors__.js	338	16358
02__Src__AppModules/25__System__3dObject__InteractionSystem/Na__DoorAnimation__FindDoorGroups.js	107	4929
02__Src__AppModules/26__System__ToggleModelElements/3dObject__IsolateBuildingStoreys__SystemLogic__.js	207	8649
02__Src__AppModules/26__System__ToggleModelElements/3dObject__ViewBuildingStoreys__README__.md	526	17832
02__Src__AppModules/26__System__ToggleModelElements/3dObject__ViewBuildingStoreys__SystemLogic__.js	437	21904
02__Src__AppModules/26__System__ToggleModelElements/Na__ModelGroup__PhaseLibrary__.js	602	31311
02__Src__AppModules/26__System__ToggleModelElements/Na__UiFeature__DevMenu__LocalhostOnly.js	48	1907
02__Src__AppModules/26__System__ToggleModelElements/Na__UiFeature__ModelGroupSelector.js	325	14597
02__Src__AppModules/26__System__ToggleModelElements/Na__UiFeature__ModelGroupTransitionOverlay__.js	127	6221
02__Src__AppModules/26__System__ToggleModelElements/Na__UiFeature__ModelToggle__Controls.js	531	31182
02__Src__AppModules/26__System__ToggleModelElements/Na__UiFeature__StoreyIsolate__Controls.js	248	10966
02__Src__AppModules/26__System__ToggleModelElements/Na__UiFeature__StoreyView__Controls.js	299	13552
02__Src__AppModules/27__System__ContextMenuSystem/Na__ContextMenuSystem__AppConfig__.json	76	5071
02__Src__AppModules/27__System__ContextMenuSystem/Na__ContextMenuSystem__Gesture__RightClickGuard__.js	315	16516
02__Src__AppModules/27__System__ContextMenuSystem/Na__ContextMenuSystem__Picking__HitResolver__.js	318	15663
02__Src__AppModules/27__System__ContextMenuSystem/Na__ContextMenuSystem__README__.md	225	10190
02__Src__AppModules/27__System__ContextMenuSystem/Na__ContextMenuSystem__Section__DoorInteraction__.js	211	9823
02__Src__AppModules/27__System__ContextMenuSystem/Na__ContextMenuSystem__Section__ModelVisibility__.js	621	29035
02__Src__AppModules/27__System__ContextMenuSystem/Na__ContextMenuSystem__Styles__.css	157	6360
02__Src__AppModules/27__System__ContextMenuSystem/Na__ContextMenuSystem__SystemLogic__.js	437	19455
02__Src__AppModules/27__System__ContextMenuSystem/Na__ContextMenuSystem__Ui__MenuRenderer__.js	394	18156
02__Src__AppModules/30__System__ImageExport/Na__ImageExport__AsyncYield__.js	113	5464
02__Src__AppModules/30__System__ImageExport/Na__ImageExport__PostProcessEffects__HighPassSharpen.js	121	7334
02__Src__AppModules/30__System__ImageExport/Na__ImageExport__PostProcessEffects__Levels.js	87	4789
02__Src__AppModules/30__System__ImageExport/Na__ImageExport__PostProcessEffects__Pipeline.js	107	6254
02__Src__AppModules/30__System__ImageExport/Na__ImageExport__StaticExport__TilePlan__.js	272	13315
02__Src__AppModules/30__System__ImageExport/Na__ImageExport__StaticExport__TiledRenderer.js	546	30853
02__Src__AppModules/30__System__ImageExport/Na__UiFeature__ImageExport__Controls.js	556	31666
02__Src__AppModules/30__System__ImageExport/Na__UiFeature__ImageExport__ViewportOverlays.js	244	13586
02__Src__AppModules/40__System__DrawingViewCore/Na__DrawView__ActiveView__.js	417	19743
02__Src__AppModules/40__System__DrawingViewCore/Na__DrawView__AppConfig__.json	49	4624
02__Src__AppModules/40__System__DrawingViewCore/Na__DrawView__ConfigState__.js	326	18516
02__Src__AppModules/40__System__DrawingViewCore/Na__DrawView__DevRowShell__.js	486	24088
02__Src__AppModules/40__System__DrawingViewCore/Na__DrawView__DraftGuard__.js	491	23702
02__Src__AppModules/40__System__DrawingViewCore/Na__DrawView__DraftMaths__.js	246	11786
02__Src__AppModules/40__System__DrawingViewCore/Na__DrawView__DrawingUsage__.js	156	7949
02__Src__AppModules/40__System__DrawingViewCore/Na__DrawView__MarkupFocus__.js	266	12531
02__Src__AppModules/40__System__DrawingViewCore/Na__DrawView__MarkupMount__.js	405	18818
02__Src__AppModules/40__System__DrawingViewCore/Na__DrawView__MaterialPreset__.js	357	17682
02__Src__AppModules/40__System__DrawingViewCore/Na__DrawView__Navigation__.js	478	23024
02__Src__AppModules/40__System__DrawingViewCore/Na__DrawView__ProfileLines__.js	738	38631
02__Src__AppModules/40__System__DrawingViewCore/Na__DrawView__ProjectData__.js	976	57948
02__Src__AppModules/40__System__DrawingViewCore/Na__DrawView__RenameDrawing__.js	470	24594
02__Src__AppModules/40__System__DrawingViewCore/Na__DrawView__RenderPreset__.js	376	20166
02__Src__AppModules/40__System__DrawingViewCore/Na__DrawView__RowAccordion__.js	370	18618
02__Src__AppModules/40__System__DrawingViewCore/Na__DrawView__SceneLinkRow__.js	128	6279
02__Src__AppModules/40__System__DrawingViewCore/Na__DrawView__SectionAdapter__.js	270	13521
02__Src__AppModules/40__System__DrawingViewCore/Na__DrawView__StyleRows__.js	162	7866
02__Src__AppModules/40__System__DrawingViewCore/Na__DrawView__Styles__DevMenu__.css	276	10566
02__Src__AppModules/40__System__DrawingViewCore/Na__DrawView__Transitions__.js	311	16740
02__Src__AppModules/41__System__SectionCutEngine/Na__SectionCut__CapGeometry__.js	601	30257
02__Src__AppModules/41__System__SectionCutEngine/Na__SectionCut__CapMeshes__.js	372	18571
02__Src__AppModules/41__System__SectionCutEngine/Na__SectionCut__ConfigState__.js	298	14947
02__Src__AppModules/41__System__SectionCutEngine/Na__SectionCut__Engine__.js	712	35347
02__Src__AppModules/41__System__SectionCutEngine/Na__SectionCut__Engine__AppConfig__.json	22	1525
02__Src__AppModules/41__System__SectionCutEngine/Na__SectionCut__SceneData__.js	342	17382
02__Src__AppModules/41__System__SectionCutEngine/Na__SectionCut__Serialize__.js	291	15629
02__Src__AppModules/42__System__FloorPlanViews/Na__FloorPlan__AppConfig__.json	93	8430
02__Src__AppModules/42__System__FloorPlanViews/Na__FloorPlan__ConfigState__.js	366	19474
02__Src__AppModules/42__System__FloorPlanViews/Na__FloorPlan__DevMenu__Editor__.js	1375	70644
02__Src__AppModules/42__System__FloorPlanViews/Na__FloorPlan__DevMenu__RowBuilders__.js	353	17053
02__Src__AppModules/42__System__FloorPlanViews/Na__FloorPlan__DevMenu__StoreyRow__.js	227	10620
02__Src__AppModules/42__System__FloorPlanViews/Na__FloorPlan__Framing__.js	218	11071
02__Src__AppModules/42__System__FloorPlanViews/Na__FloorPlan__ModeController__.js	838	40645
02__Src__AppModules/42__System__FloorPlanViews/Na__FloorPlan__OrthoCamera__.js	375	17794
02__Src__AppModules/42__System__FloorPlanViews/Na__FloorPlan__ProjectJson__Data__.js	781	38475
02__Src__AppModules/42__System__FloorPlanViews/Na__FloorPlan__SceneLink__.js	330	16303
02__Src__AppModules/42__System__FloorPlanViews/Na__FloorPlan__StoreyLevel__.js	337	17774
02__Src__AppModules/42__System__FloorPlanViews/Na__FloorPlan__Styles__DevMenu__.css	134	5438
02__Src__AppModules/43__System__PlanAnnotations/Na__PlanAnnotations__AppConfig__.json	71	5090
02__Src__AppModules/43__System__PlanAnnotations/Na__PlanAnnotations__Data__.js	483	25015
02__Src__AppModules/43__System__PlanAnnotations/Na__PlanAnnotations__Editor__.js	656	30314
02__Src__AppModules/43__System__PlanAnnotations/Na__PlanAnnotations__History__.js	197	8359
02__Src__AppModules/43__System__PlanAnnotations/Na__PlanAnnotations__Hotkeys__.js	480	22181
02__Src__AppModules/43__System__PlanAnnotations/Na__PlanAnnotations__Overlay__.js	421	20453
02__Src__AppModules/43__System__PlanAnnotations/Na__PlanAnnotations__Styles__.css	279	11620
02__Src__AppModules/43__System__PlanAnnotations/Na__PlanAnnotations__Toolbar__.js	606	28458
02__Src__AppModules/44__System__PlanDimensions/Na__PlanDimensions__AppConfig__.json	155	13333
02__Src__AppModules/44__System__PlanDimensions/Na__PlanDimensions__AxisLock__.js	493	22416
02__Src__AppModules/44__System__PlanDimensions/Na__PlanDimensions__ClientMode__.js	427	18955
02__Src__AppModules/44__System__PlanDimensions/Na__PlanDimensions__ConfigState__.js	439	25671
02__Src__AppModules/44__System__PlanDimensions/Na__PlanDimensions__Crosshair__.js	257	11535
02__Src__AppModules/44__System__PlanDimensions/Na__PlanDimensions__Data__.js	988	53063
02__Src__AppModules/44__System__PlanDimensions/Na__PlanDimensions__Disclaimer__.js	308	13326
02__Src__AppModules/44__System__PlanDimensions/Na__PlanDimensions__EditorPreview__.js	191	8907
02__Src__AppModules/44__System__PlanDimensions/Na__PlanDimensions__Editor__.js	907	43110
02__Src__AppModules/44__System__PlanDimensions/Na__PlanDimensions__Grid__.js	496	25695
02__Src__AppModules/44__System__PlanDimensions/Na__PlanDimensions__History__.js	192	8088
02__Src__AppModules/44__System__PlanDimensions/Na__PlanDimensions__Hotkeys__.js	418	18432
02__Src__AppModules/44__System__PlanDimensions/Na__PlanDimensions__Overlay__.js	680	33464
02__Src__AppModules/44__System__PlanDimensions/Na__PlanDimensions__Styles__.css	440	18927
02__Src__AppModules/44__System__PlanDimensions/Na__PlanDimensions__VertexEditor__.js	567	25508
02__Src__AppModules/45__System__ElevationViews/Na__Elevation__AppConfig__.json	120	9602
02__Src__AppModules/45__System__ElevationViews/Na__Elevation__AutoNameText__.js	176	8868
02__Src__AppModules/45__System__ElevationViews/Na__Elevation__AutoName__.js	288	14686
02__Src__AppModules/45__System__ElevationViews/Na__Elevation__ConfigState__.js	460	24798
02__Src__AppModules/45__System__ElevationViews/Na__Elevation__DevMenu__Editor__.js	1475	78370
02__Src__AppModules/45__System__ElevationViews/Na__Elevation__DevMenu__RowBuilders__.js	663	33342
02__Src__AppModules/45__System__ElevationViews/Na__Elevation__FacePick__.js	323	15386
02__Src__AppModules/45__System__ElevationViews/Na__Elevation__Framing__.js	297	15199
02__Src__AppModules/45__System__ElevationViews/Na__Elevation__GizmoGrip__.js	343	16716
02__Src__AppModules/45__System__ElevationViews/Na__Elevation__ModeController__.js	922	45488
02__Src__AppModules/45__System__ElevationViews/Na__Elevation__OrthoCamera__.js	419	20541
02__Src__AppModules/45__System__ElevationViews/Na__Elevation__PlaneGizmo__.js	423	20081
02__Src__AppModules/45__System__ElevationViews/Na__Elevation__ProjectJson__Data__.js	907	45301
02__Src__AppModules/45__System__ElevationViews/Na__Elevation__SceneLink__.js	384	19281
02__Src__AppModules/45__System__ElevationViews/Na__Elevation__Styles__DevMenu__.css	249	9723
02__Src__AppModules/46__System__NorthDirection/Na__North__AppConfig__.json	71	6303
02__Src__AppModules/46__System__NorthDirection/Na__North__CompassGizmo__.js	365	20291
02__Src__AppModules/46__System__NorthDirection/Na__North__Compass__.js	206	11114
02__Src__AppModules/46__System__NorthDirection/Na__North__ConfigState__.js	259	14081
02__Src__AppModules/46__System__NorthDirection/Na__North__DevMenu__Editor__.js	513	28542
02__Src__AppModules/46__System__NorthDirection/Na__North__PickTool__.js	372	19353
02__Src__AppModules/46__System__NorthDirection/Na__North__ProjectJson__Data__.js	245	12493
02__Src__AppModules/46__System__NorthDirection/Na__North__Styles__DevMenu__.css	60	2324
02__Src__AppModules/47__System__DrawingPlanes/Na__DrawingPlanes__AppConfig__.json	76	7880
02__Src__AppModules/47__System__DrawingPlanes/Na__DrawingPlanes__Bounds__.js	382	18953
02__Src__AppModules/47__System__DrawingPlanes/Na__DrawingPlanes__ConfigState__.js	356	19484
02__Src__AppModules/47__System__DrawingPlanes/Na__DrawingPlanes__DevMenu__Controls__.js	397	18760
02__Src__AppModules/47__System__DrawingPlanes/Na__DrawingPlanes__Grip__.js	824	40984
02__Src__AppModules/47__System__DrawingPlanes/Na__DrawingPlanes__Maths__.js	411	21367
02__Src__AppModules/47__System__DrawingPlanes/Na__DrawingPlanes__Overlay__.js	828	41759
02__Src__AppModules/47__System__DrawingPlanes/Na__DrawingPlanes__PlaneMesh__.js	551	28683
02__Src__AppModules/47__System__DrawingPlanes/Na__DrawingPlanes__Styles__DevMenu__.css	142	5971
02__Src__AppModules/48__System__CrossSectionViews/Na__CrossSection__DevMenu__Editor__.js	198	10103
02__Src__AppModules/49__System__ElevationDepthFog/Na__ElevationDepthFog__AppConfig__.json	44	6592
02__Src__AppModules/49__System__ElevationDepthFog/Na__ElevationDepthFog__ConfigState__.js	263	13150
02__Src__AppModules/49__System__ElevationDepthFog/Na__ElevationDepthFog__DevMenu__Row__.js	314	16208
02__Src__AppModules/49__System__ElevationDepthFog/Na__ElevationDepthFog__Maths__.js	402	21412
02__Src__AppModules/49__System__ElevationDepthFog/Na__ElevationDepthFog__RecordData__.js	189	9397
02__Src__AppModules/49__System__ElevationDepthFog/Na__ElevationDepthFog__RenderLayer__.js	631	33730
02__Src__AppModules/49__System__ElevationDepthFog/Na__ElevationDepthFog__Shader__.js	253	14854
02__Src__AppModules/49__System__ElevationDepthFog/Na__ElevationDepthFog__Styles__DevMenu__.css	107	4575
02__Src__AppModules/50__System__ProjectedLinework/Na__ProjectedLinework__AppConfig__.json	144	18981
02__Src__AppModules/50__System__ProjectedLinework/Na__ProjectedLinework__AuthoredEdges__.js	273	13907
02__Src__AppModules/50__System__ProjectedLinework/Na__ProjectedLinework__ClipKernel__.js	712	36437
02__Src__AppModules/50__System__ProjectedLinework/Na__ProjectedLinework__ClipWorker__.js	193	9294
02__Src__AppModules/50__System__ProjectedLinework/Na__ProjectedLinework__ConfigAccess__.js	495	26651
02__Src__AppModules/50__System__ProjectedLinework/Na__ProjectedLinework__CpuBackend__.js	521	28758
02__Src__AppModules/50__System__ProjectedLinework/Na__ProjectedLinework__DevMenu__Controls__.js	502	25551
02__Src__AppModules/50__System__ProjectedLinework/Na__ProjectedLinework__DiffHarness__.js	268	12534
02__Src__AppModules/50__System__ProjectedLinework/Na__ProjectedLinework__DoorPose__.js	807	45820
02__Src__AppModules/50__System__ProjectedLinework/Na__ProjectedLinework__EdgeExtractor__.js	775	41088
02__Src__AppModules/50__System__ProjectedLinework/Na__ProjectedLinework__ExportCompositor__.js	123	5651
02__Src__AppModules/50__System__ProjectedLinework/Na__ProjectedLinework__FlatBvh__.js	430	20095
02__Src__AppModules/50__System__ProjectedLinework/Na__ProjectedLinework__FlushJoins__.js	308	16012
02__Src__AppModules/50__System__ProjectedLinework/Na__ProjectedLinework__ModelStage__.js	262	13655
02__Src__AppModules/50__System__ProjectedLinework/Na__ProjectedLinework__Owners__.js	248	12077
02__Src__AppModules/50__System__ProjectedLinework/Na__ProjectedLinework__Persistence__.js	660	34191
02__Src__AppModules/50__System__ProjectedLinework/Na__ProjectedLinework__Pipeline__.js	790	40883
02__Src__AppModules/50__System__ProjectedLinework/Na__ProjectedLinework__Projector__.js	611	34518
02__Src__AppModules/50__System__ProjectedLinework/Na__ProjectedLinework__RasterPreview__.js	321	14655
02__Src__AppModules/50__System__ProjectedLinework/Na__ProjectedLinework__Scheduler__.js	174	8066
02__Src__AppModules/50__System__ProjectedLinework/Na__ProjectedLinework__SoupBuilder__.js	350	16456
02__Src__AppModules/50__System__ProjectedLinework/Na__ProjectedLinework__StageSampler__.js	599	31424
02__Src__AppModules/50__System__ProjectedLinework/Na__ProjectedLinework__Storeys__.js	320	16625
02__Src__AppModules/50__System__ProjectedLinework/Na__ProjectedLinework__Styles__Main__.css	107	4239
02__Src__AppModules/50__System__ProjectedLinework/Na__ProjectedLinework__SvgOverlay__.js	426	20564
02__Src__AppModules/50__System__ProjectedLinework/Na__ProjectedLinework__ViewDefinition__.js	478	24239
02__Src__AppModules/50__System__ProjectedLinework/Na__ProjectedLinework__WebGpuBackend__.js	453	23105
02__Src__AppModules/50__System__ProjectedLinework/Na__ProjectedLinework__WorkerPool__.js	484	23182
02__Src__AppModules/51__System__LayoutEditor/03__Core__Config/Na__Hotkeys__DrawingTabs__.json	1267	62522
02__Src__AppModules/51__System__LayoutEditor/03__Core__Config/Na__LayoutEditor__AppConfig__.json	1332	175594
02__Src__AppModules/51__System__LayoutEditor/03__Core__Config/Na__LayoutEditor__ConfigState__.js	457	20903
02__Src__AppModules/51__System__LayoutEditor/03__Core__Config/Na__LayoutEditor__ConfigState__EditorSetup__.js	467	29282
02__Src__AppModules/51__System__LayoutEditor/03__Core__Config/Na__LayoutEditor__ConfigState__KeyMap__.js	620	42621
02__Src__AppModules/51__System__LayoutEditor/03__Core__Config/Na__LayoutEditor__ConfigState__Readers__.js	143	6673
02__Src__AppModules/51__System__LayoutEditor/03__Core__Config/Na__LayoutEditor__ConfigState__SheetSetup__.js	591	38328
02__Src__AppModules/51__System__LayoutEditor/03__Core__Config/Na__LayoutEditor__ConfigState__ToolSetup__.js	383	24360
02__Src__AppModules/51__System__LayoutEditor/05__Core__ModeController/Na__LayoutEditor__LoadingVeil__.js	439	24374
02__Src__AppModules/51__System__LayoutEditor/05__Core__ModeController/Na__LayoutEditor__ModeController__.js	1292	89165
02__Src__AppModules/51__System__LayoutEditor/05__Core__ModeController/Na__LayoutEditor__TabStrip__.js	684	40284
02__Src__AppModules/51__System__LayoutEditor/07__Core__SheetData/Na__LayoutEditor__Assets__.js	249	11916
02__Src__AppModules/51__System__LayoutEditor/07__Core__SheetData/Na__LayoutEditor__AutoSave__.js	647	37368
02__Src__AppModules/51__System__LayoutEditor/07__Core__SheetData/Na__LayoutEditor__DrawingScale__.js	191	10313
02__Src__AppModules/51__System__LayoutEditor/07__Core__SheetData/Na__LayoutEditor__History__.js	354	19474
02__Src__AppModules/51__System__LayoutEditor/07__Core__SheetData/Na__LayoutEditor__ProjectRecord__.js	271	14564
02__Src__AppModules/51__System__LayoutEditor/07__Core__SheetData/Na__LayoutEditor__ScaleManager__.js	222	11779
02__Src__AppModules/51__System__LayoutEditor/07__Core__SheetData/Na__LayoutEditor__SheetLayout__.js	243	11684
02__Src__AppModules/51__System__LayoutEditor/07__Core__SheetData/Na__LayoutEditor__SheetModel__.js	907	47579
02__Src__AppModules/51__System__LayoutEditor/07__Core__SheetData/Na__LayoutEditor__SheetModel__AreaGroups__.js	292	15763
02__Src__AppModules/51__System__LayoutEditor/07__Core__SheetData/Na__LayoutEditor__SheetModel__Common__.js	325	16549
02__Src__AppModules/51__System__LayoutEditor/07__Core__SheetData/Na__LayoutEditor__SheetModel__DrawOrder__.js	153	7942
02__Src__AppModules/51__System__LayoutEditor/07__Core__SheetData/Na__LayoutEditor__SheetModel__Groups__.js	284	15640
02__Src__AppModules/51__System__LayoutEditor/07__Core__SheetData/Na__LayoutEditor__SheetModel__Layers__.js	515	29450
02__Src__AppModules/51__System__LayoutEditor/07__Core__SheetData/Na__LayoutEditor__SheetModel__Leaders__.js	218	12373
02__Src__AppModules/51__System__LayoutEditor/07__Core__SheetData/Na__LayoutEditor__SheetModel__Shapes__.js	361	22943
02__Src__AppModules/51__System__LayoutEditor/07__Core__SheetData/Na__LayoutEditor__SheetModel__Sheets__.js	733	41229
02__Src__AppModules/51__System__LayoutEditor/07__Core__SheetData/Na__LayoutEditor__SheetModel__State__.js	272	14477
02__Src__AppModules/51__System__LayoutEditor/07__Core__SheetData/Na__LayoutEditor__SheetModel__TextAndDimensions__.js	312	18884
02__Src__AppModules/51__System__LayoutEditor/07__Core__SheetData/Na__LayoutEditor__SheetModel__Viewports__.js	455	28116
02__Src__AppModules/51__System__LayoutEditor/07__Core__SheetData/Na__LayoutEditor__SheetRecords__.js	1763	114531
02__Src__AppModules/51__System__LayoutEditor/07__Core__SheetData/Na__LayoutEditor__SheetRecords__LeaderlessNotes__.js	178	9143
02__Src__AppModules/51__System__LayoutEditor/07__Core__SheetData/Na__LayoutEditor__SheetRecords__NoteRegions__.js	308	15978
02__Src__AppModules/51__System__LayoutEditor/10__Core__SheetSurface/Na__LayoutEditor__Controls__Pc__.js	535	30091
02__Src__AppModules/51__System__LayoutEditor/10__Core__SheetSurface/Na__LayoutEditor__Controls__TouchScreen__.js	345	17310
02__Src__AppModules/51__System__LayoutEditor/10__Core__SheetSurface/Na__LayoutEditor__Navigation__.js	215	11419
02__Src__AppModules/51__System__LayoutEditor/10__Core__SheetSurface/Na__LayoutEditor__SheetChrome__.js	1108	67064
02__Src__AppModules/51__System__LayoutEditor/10__Core__SheetSurface/Na__LayoutEditor__SheetSurface__.js	1071	67262
02__Src__AppModules/51__System__LayoutEditor/10__Core__SheetSurface/Na__LayoutEditor__Styles__Main__.css	593	24421
02__Src__AppModules/51__System__LayoutEditor/10__Core__SheetSurface/Na__LayoutEditor__Styles__Main__Paper__.css	889	37250
02__Src__AppModules/51__System__LayoutEditor/10__Core__SheetSurface/Na__LayoutEditor__Styles__Surfaces__.css	70	3477
02__Src__AppModules/51__System__LayoutEditor/10__Core__SheetSurface/Na__LayoutEditor__TitleBlock__Cells__.js	279	15631
02__Src__AppModules/51__System__LayoutEditor/10__Core__SheetSurface/Na__LayoutEditor__TitleBlock__Classic__.js	123	5972
02__Src__AppModules/51__System__LayoutEditor/10__Core__SheetSurface/Na__LayoutEditor__TitleBlock__Modern__.js	355	21388
02__Src__AppModules/51__System__LayoutEditor/10__Core__SheetSurface/Na__LayoutEditor__TitleBlock__QrCell__.js	479	27957
02__Src__AppModules/51__System__LayoutEditor/15__Core__Markup/Na__LayoutEditor__DimensionGeometry__.js	731	41640
02__Src__AppModules/51__System__LayoutEditor/15__Core__Markup/Na__LayoutEditor__DimensionRounding__.js	102	5608
02__Src__AppModules/51__System__LayoutEditor/15__Core__Markup/Na__LayoutEditor__Groups__.js	568	28662
02__Src__AppModules/51__System__LayoutEditor/15__Core__Markup/Na__LayoutEditor__LeaderGeometry__.js	678	37002
02__Src__AppModules/51__System__LayoutEditor/15__Core__Markup/Na__LayoutEditor__MarkupBridge__.js	1065	63072
02__Src__AppModules/51__System__LayoutEditor/15__Core__Markup/Na__LayoutEditor__MeasureParse__.js	320	18092
02__Src__AppModules/51__System__LayoutEditor/15__Core__Markup/Na__LayoutEditor__PaintOrder__.js	205	10744
02__Src__AppModules/51__System__LayoutEditor/15__Core__Markup/Na__LayoutEditor__ShapeGeometry__.js	532	30086
02__Src__AppModules/51__System__LayoutEditor/15__Core__Markup/Na__LayoutEditor__ShapeRings__.js	385	20161
02__Src__AppModules/51__System__LayoutEditor/20__System__Viewports/Na__LayoutEditor__ForceRender__.js	197	9613
02__Src__AppModules/51__System__LayoutEditor/20__System__Viewports/Na__LayoutEditor__ModelSource__.js	305	15386
02__Src__AppModules/51__System__LayoutEditor/20__System__Viewports/Na__LayoutEditor__PlanDoors__.js	459	25054
02__Src__AppModules/51__System__LayoutEditor/20__System__Viewports/Na__LayoutEditor__RasterQuality__.js	198	9762
02__Src__AppModules/51__System__LayoutEditor/20__System__Viewports/Na__LayoutEditor__VectorQuality__.js	240	12378
02__Src__AppModules/51__System__LayoutEditor/20__System__Viewports/Na__LayoutEditor__Viewport2d__.js	657	41844
02__Src__AppModules/51__System__LayoutEditor/20__System__Viewports/Na__LayoutEditor__Viewport2d__DepthFog__.js	145	7378
02__Src__AppModules/51__System__LayoutEditor/20__System__Viewports/Na__LayoutEditor__Viewport2d__Frame__.js	538	32455
02__Src__AppModules/51__System__LayoutEditor/20__System__Viewports/Na__LayoutEditor__Viewport2d__Linework__.js	484	29344
02__Src__AppModules/51__System__LayoutEditor/20__System__Viewports/Na__LayoutEditor__Viewport2d__SitePlan__.js	633	36978
02__Src__AppModules/51__System__LayoutEditor/20__System__Viewports/Na__LayoutEditor__Viewport2d__Window__.js	184	10681
02__Src__AppModules/51__System__LayoutEditor/20__System__Viewports/Na__LayoutEditor__Viewport3dZoom__.js	308	17252
02__Src__AppModules/51__System__LayoutEditor/20__System__Viewports/Na__LayoutEditor__Viewport3d__.js	760	46613
02__Src__AppModules/51__System__LayoutEditor/20__System__Viewports/Na__LayoutEditor__ViewportClipboard__.js	655	36143
02__Src__AppModules/51__System__LayoutEditor/20__System__Viewports/Na__LayoutEditor__ViewportHandles__.js	667	38835
02__Src__AppModules/51__System__LayoutEditor/20__System__Viewports/Na__LayoutEditor__ViewportIdentity__.js	394	22664
02__Src__AppModules/51__System__LayoutEditor/20__System__Viewports/Na__LayoutEditor__ViewportIdentity__Config__.json	24	2914
02__Src__AppModules/51__System__LayoutEditor/20__System__Viewports/Na__LayoutEditor__ViewportRotation__.js	313	15549
02__Src__AppModules/51__System__LayoutEditor/20__System__Viewports/Na__LayoutEditor__ViewportTitleText__.js	358	20227
02__Src__AppModules/51__System__LayoutEditor/21__System__SitePlanData/Na__SitePlan__GlbParse__.js	366	19665
02__Src__AppModules/51__System__LayoutEditor/21__System__SitePlanData/Na__SitePlan__Store__.js	802	45089
02__Src__AppModules/51__System__LayoutEditor/25__System__RenderStyles/Na__LayoutEditor__EdgeStyles__.js	580	31209
02__Src__AppModules/51__System__LayoutEditor/25__System__RenderStyles/Na__LayoutEditor__EdgeStyles__Config__.json	66	8704
02__Src__AppModules/51__System__LayoutEditor/25__System__RenderStyles/Na__LayoutEditor__Enhance__.js	173	9252
02__Src__AppModules/51__System__LayoutEditor/25__System__RenderStyles/Na__LayoutEditor__ModelLayers__.js	407	21803
02__Src__AppModules/51__System__LayoutEditor/25__System__RenderStyles/Na__LayoutEditor__ModelLayers__Config__.json	130	21924
02__Src__AppModules/51__System__LayoutEditor/25__System__RenderStyles/Na__LayoutEditor__RenderComposites__.js	347	19181
02__Src__AppModules/51__System__LayoutEditor/25__System__RenderStyles/Na__LayoutEditor__RenderComposites__Config__.json	108	11497
02__Src__AppModules/51__System__LayoutEditor/25__System__RenderStyles/Na__LayoutEditor__SitePlanComposites__.js	439	23029
02__Src__AppModules/51__System__LayoutEditor/25__System__RenderStyles/Na__LayoutEditor__SitePlanComposites__Config__.json	65	7313
02__Src__AppModules/51__System__LayoutEditor/25__System__RenderStyles/Na__LayoutEditor__SnapshotRenderer__.js	1085	66754
02__Src__AppModules/51__System__LayoutEditor/26__System__DraftMode/Na__LayoutEditor__DraftMode__.js	311	17603
02__Src__AppModules/51__System__LayoutEditor/26__System__DraftMode/Na__LayoutEditor__DraftMode__Config__.json	32	4131
02__Src__AppModules/51__System__LayoutEditor/26__System__DraftMode/Na__LayoutEditor__DraftMode__State__.js	107	4960
02__Src__AppModules/51__System__LayoutEditor/26__System__DraftMode/Na__LayoutEditor__Styles__DraftMode__.css	199	11640
02__Src__AppModules/51__System__LayoutEditor/27__System__DrawingGrid/Na__LayoutEditor__DrawingGrid__.js	669	36046
02__Src__AppModules/51__System__LayoutEditor/27__System__DrawingGrid/Na__LayoutEditor__DrawingGrid__Config__.json	89	7295
02__Src__AppModules/51__System__LayoutEditor/27__System__DrawingGrid/Na__LayoutEditor__DrawingGrid__State__.js	383	20033
02__Src__AppModules/51__System__LayoutEditor/27__System__DrawingGrid/Na__LayoutEditor__Panel__DrawingGrid__.js	247	14318
02__Src__AppModules/51__System__LayoutEditor/27__System__DrawingGrid/Na__LayoutEditor__Styles__DrawingGrid__.css	63	3414
02__Src__AppModules/51__System__LayoutEditor/28__System__ObjectSnap/Na__LayoutEditor__MoveAnchor__.js	707	39421
02__Src__AppModules/51__System__LayoutEditor/28__System__ObjectSnap/Na__LayoutEditor__MoveAnchor__Config__.json	34	4024
02__Src__AppModules/51__System__LayoutEditor/28__System__ObjectSnap/Na__LayoutEditor__ObjectSnap__.js	309	15673
02__Src__AppModules/51__System__LayoutEditor/28__System__ObjectSnap/Na__LayoutEditor__ObjectSnap__Config__.json	79	8254
02__Src__AppModules/51__System__LayoutEditor/28__System__ObjectSnap/Na__LayoutEditor__ObjectSnap__Geometry__.js	219	11934
02__Src__AppModules/51__System__LayoutEditor/28__System__ObjectSnap/Na__LayoutEditor__ObjectSnap__Glyphs__.js	157	9147
02__Src__AppModules/51__System__LayoutEditor/28__System__ObjectSnap/Na__LayoutEditor__ObjectSnap__GridMoves__.js	330	20054
02__Src__AppModules/51__System__LayoutEditor/28__System__ObjectSnap/Na__LayoutEditor__ObjectSnap__Index__.js	296	16010
02__Src__AppModules/51__System__LayoutEditor/28__System__ObjectSnap/Na__LayoutEditor__ObjectSnap__Marker__.js	265	15805
02__Src__AppModules/51__System__LayoutEditor/28__System__ObjectSnap/Na__LayoutEditor__ObjectSnap__Menu__.js	350	17932
02__Src__AppModules/51__System__LayoutEditor/28__System__ObjectSnap/Na__LayoutEditor__ObjectSnap__Moves__.js	159	9192
02__Src__AppModules/51__System__LayoutEditor/28__System__ObjectSnap/Na__LayoutEditor__ObjectSnap__Search__.js	657	40311
02__Src__AppModules/51__System__LayoutEditor/28__System__ObjectSnap/Na__LayoutEditor__ObjectSnap__Sources__.js	565	34631
02__Src__AppModules/51__System__LayoutEditor/28__System__ObjectSnap/Na__LayoutEditor__ObjectSnap__State__.js	337	19709
02__Src__AppModules/51__System__LayoutEditor/28__System__ObjectSnap/Na__LayoutEditor__Styles__ObjectSnap__.css	432	19911
02__Src__AppModules/51__System__LayoutEditor/28__System__ObjectSnap/Na__LayoutEditor__ViewportSnapMove__.js	638	36184
02__Src__AppModules/51__System__LayoutEditor/30__System__SheetTools/Na__LayoutEditor__AxisLock__.js	205	9926
02__Src__AppModules/51__System__LayoutEditor/30__System__SheetTools/Na__LayoutEditor__ContextMenu__.js	375	19743
02__Src__AppModules/51__System__LayoutEditor/30__System__SheetTools/Na__LayoutEditor__EditScope__.js	794	43132
02__Src__AppModules/51__System__LayoutEditor/30__System__SheetTools/Na__LayoutEditor__Eyedropper__.js	1086	61867
02__Src__AppModules/51__System__LayoutEditor/30__System__SheetTools/Na__LayoutEditor__Grips__.js	780	48642
02__Src__AppModules/51__System__LayoutEditor/30__System__SheetTools/Na__LayoutEditor__ItemClipboard__.js	823	49893
02__Src__AppModules/51__System__LayoutEditor/30__System__SheetTools/Na__LayoutEditor__LayerMenu__.js	195	10679
02__Src__AppModules/51__System__LayoutEditor/30__System__SheetTools/Na__LayoutEditor__Measurements__.js	1204	78693
02__Src__AppModules/51__System__LayoutEditor/30__System__SheetTools/Na__LayoutEditor__SelectionBox__.js	765	43471
02__Src__AppModules/51__System__LayoutEditor/30__System__SheetTools/Na__LayoutEditor__SelectionSet__.js	462	27305
02__Src__AppModules/51__System__LayoutEditor/30__System__SheetTools/Na__LayoutEditor__SheetTools__.js	756	46667
02__Src__AppModules/51__System__LayoutEditor/30__System__SheetTools/Na__LayoutEditor__SheetTools__ContentEditing__.js	129	6982
02__Src__AppModules/51__System__LayoutEditor/30__System__SheetTools/Na__LayoutEditor__SheetTools__ContextMenu__.js	546	41006
02__Src__AppModules/51__System__LayoutEditor/30__System__SheetTools/Na__LayoutEditor__SheetTools__CopyDrag__.js	494	27499
02__Src__AppModules/51__System__LayoutEditor/30__System__SheetTools/Na__LayoutEditor__SheetTools__HitResolution__.js	801	52862
02__Src__AppModules/51__System__LayoutEditor/30__System__SheetTools/Na__LayoutEditor__SheetTools__HoverTooltip__.js	122	6196
02__Src__AppModules/51__System__LayoutEditor/30__System__SheetTools/Na__LayoutEditor__SheetTools__Keyboard__.js	911	61377
02__Src__AppModules/51__System__LayoutEditor/30__System__SheetTools/Na__LayoutEditor__SheetTools__NoteTooltip__.js	305	16659
02__Src__AppModules/51__System__LayoutEditor/30__System__SheetTools/Na__LayoutEditor__SheetTools__PointerDrag__.js	2130	138316
02__Src__AppModules/51__System__LayoutEditor/30__System__SheetTools/Na__LayoutEditor__SheetTools__PointerPress__.js	929	62102
02__Src__AppModules/51__System__LayoutEditor/30__System__SheetTools/Na__LayoutEditor__SheetTools__State__.js	254	15819
02__Src__AppModules/51__System__LayoutEditor/30__System__SheetTools/Na__LayoutEditor__SheetTools__ToolState__.js	533	33948
02__Src__AppModules/51__System__LayoutEditor/31__System__DocumentKeys/Na__Hotkeys__DocumentTabs__.json	73	6881
02__Src__AppModules/51__System__LayoutEditor/31__System__DocumentKeys/Na__LayoutEditor__DocumentKeys__.js	384	20928
02__Src__AppModules/51__System__LayoutEditor/32__System__OrthoMode/Na__LayoutEditor__OrthoMode__.js	230	12438
02__Src__AppModules/51__System__LayoutEditor/32__System__OrthoMode/Na__LayoutEditor__OrthoMode__Config__.json	28	5003
02__Src__AppModules/51__System__LayoutEditor/32__System__OrthoMode/Na__LayoutEditor__OrthoMode__State__.js	180	9230
02__Src__AppModules/51__System__LayoutEditor/33__System__DrawingAxes/Na__LayoutEditor__DrawingAxes__.js	550	32139
02__Src__AppModules/51__System__LayoutEditor/33__System__DrawingAxes/Na__LayoutEditor__DrawingAxes__Config__.json	43	6019
02__Src__AppModules/51__System__LayoutEditor/33__System__DrawingAxes/Na__LayoutEditor__Styles__DrawingAxes__.css	87	4727
02__Src__AppModules/51__System__LayoutEditor/35__System__DrawingTools/Na__LayoutEditor__DimensionTool__.js	581	36048
02__Src__AppModules/51__System__LayoutEditor/35__System__DrawingTools/Na__LayoutEditor__GradientTool__.js	802	45720
02__Src__AppModules/51__System__LayoutEditor/35__System__DrawingTools/Na__LayoutEditor__GradientTool__Config__.json	49	5125
02__Src__AppModules/51__System__LayoutEditor/35__System__DrawingTools/Na__LayoutEditor__LeaderTool__.js	363	20409
02__Src__AppModules/51__System__LayoutEditor/35__System__DrawingTools/Na__LayoutEditor__LineStyleTool__.js	583	31280
02__Src__AppModules/51__System__LayoutEditor/35__System__DrawingTools/Na__LayoutEditor__LineStyleTool__Config__.json	56	5517
02__Src__AppModules/51__System__LayoutEditor/35__System__DrawingTools/Na__LayoutEditor__RectangleTool__.js	427	25622
02__Src__AppModules/51__System__LayoutEditor/35__System__DrawingTools/Na__LayoutEditor__ShapeTool__.js	506	29209
02__Src__AppModules/51__System__LayoutEditor/35__System__DrawingTools/Na__LayoutEditor__TextTool__.js	363	20057
02__Src__AppModules/51__System__LayoutEditor/36__System__HatchPatternTools/Na__LayoutEditor__HatchPatterns__.js	997	57221
02__Src__AppModules/51__System__LayoutEditor/36__System__HatchPatternTools/Na__LayoutEditor__Panel__Patterns__.js	456	26433
02__Src__AppModules/51__System__LayoutEditor/36__System__HatchPatternTools/Na__LayoutEditor__Styles__Patterns__.css	27	1911
02__Src__AppModules/51__System__LayoutEditor/37__System__VectorTools/Na__LayoutEditor__Panel__VectorTools__.js	424	27350
02__Src__AppModules/51__System__LayoutEditor/37__System__VectorTools/Na__LayoutEditor__Styles__VectorTools__.css	77	3770
02__Src__AppModules/51__System__LayoutEditor/37__System__VectorTools/Na__LayoutEditor__VectorTools__.js	709	42866
02__Src__AppModules/51__System__LayoutEditor/37__System__VectorTools/Na__LayoutEditor__VectorTools__ArcTool__.js	470	28182
02__Src__AppModules/51__System__LayoutEditor/37__System__VectorTools/Na__LayoutEditor__VectorTools__BooleanTool__.js	690	41056
02__Src__AppModules/51__System__LayoutEditor/37__System__VectorTools/Na__LayoutEditor__VectorTools__Boolean__.js	549	29953
02__Src__AppModules/51__System__LayoutEditor/37__System__VectorTools/Na__LayoutEditor__VectorTools__CircleTool__.js	353	21457
02__Src__AppModules/51__System__LayoutEditor/37__System__VectorTools/Na__LayoutEditor__VectorTools__Config__.json	208	23845
02__Src__AppModules/51__System__LayoutEditor/37__System__VectorTools/Na__LayoutEditor__VectorTools__Curves__.js	389	22606
02__Src__AppModules/51__System__LayoutEditor/37__System__VectorTools/Na__LayoutEditor__VectorTools__Geometry__.js	684	38109
02__Src__AppModules/51__System__LayoutEditor/37__System__VectorTools/Na__LayoutEditor__VectorTools__JoinTool__.js	382	21622
02__Src__AppModules/51__System__LayoutEditor/37__System__VectorTools/Na__LayoutEditor__VectorTools__OffsetTool__.js	419	25965
02__Src__AppModules/51__System__LayoutEditor/37__System__VectorTools/Na__LayoutEditor__VectorTools__Offset__.js	480	29683
02__Src__AppModules/51__System__LayoutEditor/37__System__VectorTools/Na__LayoutEditor__VectorTools__Preview__.js	218	11844
02__Src__AppModules/51__System__LayoutEditor/37__System__VectorTools/Na__LayoutEditor__VectorTools__Setup__.js	153	7623
02__Src__AppModules/51__System__LayoutEditor/37__System__VectorTools/Na__LayoutEditor__VectorTools__State__.js	296	16710
02__Src__AppModules/51__System__LayoutEditor/37__System__VectorTools/Na__LayoutEditor__VectorTools__Targets__.js	504	30503
02__Src__AppModules/51__System__LayoutEditor/37__System__VectorTools/Na__LayoutEditor__VectorTools__TrimTool__.js	380	21865
02__Src__AppModules/51__System__LayoutEditor/40__Ui__Panels/Na__LayoutEditor__PanelHost__.js	878	47261
02__Src__AppModules/51__System__LayoutEditor/40__Ui__Panels/Na__LayoutEditor__Panel__Dimensions__.js	486	34227
02__Src__AppModules/51__System__LayoutEditor/40__Ui__Panels/Na__LayoutEditor__Panel__Layers__.js	482	29002
02__Src__AppModules/51__System__LayoutEditor/40__Ui__Panels/Na__LayoutEditor__Panel__Leaders__.js	498	31368
02__Src__AppModules/51__System__LayoutEditor/40__Ui__Panels/Na__LayoutEditor__Panel__ModelLayers__.js	465	25347
02__Src__AppModules/51__System__LayoutEditor/40__Ui__Panels/Na__LayoutEditor__Panel__Shapes__.js	668	46285
02__Src__AppModules/51__System__LayoutEditor/40__Ui__Panels/Na__LayoutEditor__Panel__Sheet__.js	353	23423
02__Src__AppModules/51__System__LayoutEditor/40__Ui__Panels/Na__LayoutEditor__Panel__SitePlanComposites__.js	240	11486
02__Src__AppModules/51__System__LayoutEditor/40__Ui__Panels/Na__LayoutEditor__Panel__Styles__.js	409	21346
02__Src__AppModules/51__System__LayoutEditor/40__Ui__Panels/Na__LayoutEditor__Panel__Text__.js	237	14529
02__Src__AppModules/51__System__LayoutEditor/40__Ui__Panels/Na__LayoutEditor__Panel__ViewportSettings__.js	931	65593
02__Src__AppModules/51__System__LayoutEditor/40__Ui__Panels/Na__LayoutEditor__Styles__Panels__.css	1174	44243
02__Src__AppModules/51__System__LayoutEditor/40__Ui__Panels/Na__LayoutEditor__Toolbar__.js	628	43084
02__Src__AppModules/51__System__LayoutEditor/50__Feature__Specification/Na__LayoutEditor__MarginGrip__.js	340	18896
02__Src__AppModules/51__System__LayoutEditor/50__Feature__Specification/Na__LayoutEditor__NoteRegions__.js	346	19649
02__Src__AppModules/51__System__LayoutEditor/50__Feature__Specification/Na__LayoutEditor__NoteRegions__Grips__.js	518	30163
02__Src__AppModules/51__System__LayoutEditor/50__Feature__Specification/Na__LayoutEditor__NoteRegions__Tool__.js	268	14191
02__Src__AppModules/51__System__LayoutEditor/50__Feature__Specification/Na__LayoutEditor__Panel__MarginNotes__.js	245	15933
02__Src__AppModules/51__System__LayoutEditor/50__Feature__Specification/Na__LayoutEditor__Panel__MarginNotes__Leaderless__.js	510	30251
02__Src__AppModules/51__System__LayoutEditor/50__Feature__Specification/Na__LayoutEditor__Panel__MarginNotes__Regions__.js	511	31083
02__Src__AppModules/51__System__LayoutEditor/50__Feature__Specification/Na__LayoutEditor__SpecData__.js	364	18324
02__Src__AppModules/51__System__LayoutEditor/50__Feature__Specification/Na__LayoutEditor__SpecData__Document__.js	504	27698
02__Src__AppModules/51__System__LayoutEditor/50__Feature__Specification/Na__LayoutEditor__SpecData__Draft__.js	207	10633
02__Src__AppModules/51__System__LayoutEditor/50__Feature__Specification/Na__LayoutEditor__SpecData__Editing__.js	441	22597
02__Src__AppModules/51__System__LayoutEditor/50__Feature__Specification/Na__LayoutEditor__SpecData__Lockstep__.js	1045	58562
02__Src__AppModules/51__System__LayoutEditor/50__Feature__Specification/Na__LayoutEditor__SpecData__State__.js	335	19019
02__Src__AppModules/51__System__LayoutEditor/50__Feature__Specification/Na__LayoutEditor__SpecData__Transport__.js	705	42699
02__Src__AppModules/51__System__LayoutEditor/50__Feature__Specification/Na__LayoutEditor__SpecDocument__.js	562	30741
02__Src__AppModules/51__System__LayoutEditor/50__Feature__Specification/Na__LayoutEditor__SpecEditor__.js	322	17938
02__Src__AppModules/51__System__LayoutEditor/50__Feature__Specification/Na__LayoutEditor__SpecEditor__Actions__.js	379	22050
02__Src__AppModules/51__System__LayoutEditor/50__Feature__Specification/Na__LayoutEditor__SpecEditor__Bar__.js	343	23372
02__Src__AppModules/51__System__LayoutEditor/50__Feature__Specification/Na__LayoutEditor__SpecEditor__Builders__.js	183	8595
02__Src__AppModules/51__System__LayoutEditor/50__Feature__Specification/Na__LayoutEditor__SpecEditor__NoteDrag__.js	210	10873
02__Src__AppModules/51__System__LayoutEditor/50__Feature__Specification/Na__LayoutEditor__SpecEditor__Notes__.js	259	16051
02__Src__AppModules/51__System__LayoutEditor/50__Feature__Specification/Na__LayoutEditor__SpecEditor__Render__.js	256	13467
02__Src__AppModules/51__System__LayoutEditor/50__Feature__Specification/Na__LayoutEditor__SpecEditor__State__.js	170	9078
02__Src__AppModules/51__System__LayoutEditor/50__Feature__Specification/Na__LayoutEditor__SpecLinks__.js	395	21406
02__Src__AppModules/51__System__LayoutEditor/50__Feature__Specification/Na__LayoutEditor__SpecLockstep__.js	365	20574
02__Src__AppModules/51__System__LayoutEditor/50__Feature__Specification/Na__LayoutEditor__SpecMargin__.js	381	22767
02__Src__AppModules/51__System__LayoutEditor/50__Feature__Specification/Na__LayoutEditor__SpecMargin__Column__.js	303	17493
02__Src__AppModules/51__System__LayoutEditor/50__Feature__Specification/Na__LayoutEditor__SpecPdf__.js	450	24307
02__Src__AppModules/51__System__LayoutEditor/50__Feature__Specification/Na__LayoutEditor__Styles__Specification__.css	635	23869
02__Src__AppModules/51__System__LayoutEditor/50__Feature__Specification/Na__LayoutEditor__Styles__Specification__Notes__.css	653	25533
02__Src__AppModules/51__System__LayoutEditor/50__Feature__Specification/Na__LayoutEditor__Styles__Specification__Read__.css	287	11801
02__Src__AppModules/51__System__LayoutEditor/51__Feature__DrawingRegister/Na__LayoutEditor__Register__Data__.js	377	18326
02__Src__AppModules/51__System__LayoutEditor/51__Feature__DrawingRegister/Na__LayoutEditor__Register__DeleteDialog__.js	64	3994
02__Src__AppModules/51__System__LayoutEditor/51__Feature__DrawingRegister/Na__LayoutEditor__Register__Editor__.js	688	36753
02__Src__AppModules/51__System__LayoutEditor/51__Feature__DrawingRegister/Na__LayoutEditor__Register__Export__.js	171	8305
02__Src__AppModules/51__System__LayoutEditor/51__Feature__DrawingRegister/Na__LayoutEditor__Register__Notes__.js	196	9019
02__Src__AppModules/51__System__LayoutEditor/51__Feature__DrawingRegister/Na__LayoutEditor__Register__Numbering__.js	113	5181
02__Src__AppModules/51__System__LayoutEditor/51__Feature__DrawingRegister/Na__LayoutEditor__Register__Pdf__.js	846	46172
02__Src__AppModules/51__System__LayoutEditor/51__Feature__DrawingRegister/Na__LayoutEditor__Register__Preview__.js	204	9674
02__Src__AppModules/51__System__LayoutEditor/51__Feature__DrawingRegister/Na__LayoutEditor__Register__Transactions__.js	425	22602
02__Src__AppModules/51__System__LayoutEditor/51__Feature__DrawingRegister/Na__LayoutEditor__Styles__DrawingRegister__.css	575	23914
02__Src__AppModules/51__System__LayoutEditor/52__Feature__StatementWriter/01__Core__Data/Na__LayoutEditor__Statement__Data__.js	1195	59839
02__Src__AppModules/51__System__LayoutEditor/52__Feature__StatementWriter/01__Core__Data/Na__LayoutEditor__Statement__Data__Index__.js	361	19261
02__Src__AppModules/51__System__LayoutEditor/52__Feature__StatementWriter/01__Core__Data/Na__LayoutEditor__Statement__Data__Transport__.js	434	23429
02__Src__AppModules/51__System__LayoutEditor/52__Feature__StatementWriter/01__Core__Data/Na__LayoutEditor__Statement__Images__.js	352	18836
02__Src__AppModules/51__System__LayoutEditor/52__Feature__StatementWriter/01__Core__Data/Na__LayoutEditor__Statement__Lockstep__.js	245	12346
02__Src__AppModules/51__System__LayoutEditor/52__Feature__StatementWriter/02__Core__Markdown/Na__LayoutEditor__Statement__Md__Figure__.js	474	24750
02__Src__AppModules/51__System__LayoutEditor/52__Feature__StatementWriter/02__Core__Markdown/Na__LayoutEditor__Statement__Md__Inline__.js	421	21141
02__Src__AppModules/51__System__LayoutEditor/52__Feature__StatementWriter/02__Core__Markdown/Na__LayoutEditor__Statement__Md__Render__.js	397	20807
02__Src__AppModules/51__System__LayoutEditor/52__Feature__StatementWriter/02__Core__Markdown/Na__LayoutEditor__Statement__Md__Serialise__.js	287	13553
02__Src__AppModules/51__System__LayoutEditor/52__Feature__StatementWriter/02__Core__Markdown/Na__LayoutEditor__Statement__Md__Tokenise__.js	501	23667
02__Src__AppModules/51__System__LayoutEditor/52__Feature__StatementWriter/03__Ui__Page/Na__LayoutEditor__Statement__Manager__.js	407	20434
02__Src__AppModules/51__System__LayoutEditor/52__Feature__StatementWriter/03__Ui__Page/Na__LayoutEditor__Statement__Page__.js	1039	56705
02__Src__AppModules/51__System__LayoutEditor/52__Feature__StatementWriter/04__Ui__Editor/Na__LayoutEditor__Statement__Editor__.js	683	36003
02__Src__AppModules/51__System__LayoutEditor/52__Feature__StatementWriter/04__Ui__Editor/Na__LayoutEditor__Statement__Editor__Cards__.js	724	40218
02__Src__AppModules/51__System__LayoutEditor/52__Feature__StatementWriter/04__Ui__Editor/Na__LayoutEditor__Statement__Editor__Figure__.js	839	44143
02__Src__AppModules/51__System__LayoutEditor/52__Feature__StatementWriter/04__Ui__Editor/Na__LayoutEditor__Statement__Editor__Move__.js	323	16432
02__Src__AppModules/51__System__LayoutEditor/52__Feature__StatementWriter/04__Ui__Editor/Na__LayoutEditor__Statement__Editor__Typing__.js	570	28385
02__Src__AppModules/51__System__LayoutEditor/52__Feature__StatementWriter/05__Ui__Reader/Na__LayoutEditor__Statement__Reader__.js	178	9273
02__Src__AppModules/51__System__LayoutEditor/52__Feature__StatementWriter/06__Export__Pdf/Na__LayoutEditor__Statement__Pdf__.js	449	24412
02__Src__AppModules/51__System__LayoutEditor/52__Feature__StatementWriter/07__Export__Publish/Na__LayoutEditor__Statement__Publish__.js	349	18730
02__Src__AppModules/51__System__LayoutEditor/52__Feature__StatementWriter/07__Export__Publish/Na__LayoutEditor__Statement__Publish__Images__.js	312	16689
02__Src__AppModules/51__System__LayoutEditor/52__Feature__StatementWriter/07__Export__Publish/Na__LayoutEditor__Statement__Publish__Page__.js	401	21407
02__Src__AppModules/51__System__LayoutEditor/52__Feature__StatementWriter/08__Style__Stylesheets/Na__LayoutEditor__Styles__Statement__.css	1049	43765
02__Src__AppModules/51__System__LayoutEditor/52__Feature__StatementWriter/08__Style__Stylesheets/Na__LayoutEditor__Styles__Statement__Document__.css	1330	60699
02__Src__AppModules/51__System__LayoutEditor/52__Feature__StatementWriter/09__Standard__Sections/Na__LayoutEditor__Statement__Standard__Config__.json	191	22997
02__Src__AppModules/51__System__LayoutEditor/52__Feature__StatementWriter/09__Standard__Sections/Na__LayoutEditor__Statement__Standard__Contents__.js	248	13246
02__Src__AppModules/51__System__LayoutEditor/52__Feature__StatementWriter/09__Standard__Sections/Na__LayoutEditor__Statement__Standard__DrawingSchedule__.js	579	32768
02__Src__AppModules/51__System__LayoutEditor/52__Feature__StatementWriter/09__Standard__Sections/Na__LayoutEditor__Statement__Standard__DrawingSchedule__Live__.js	140	6993
02__Src__AppModules/51__System__LayoutEditor/52__Feature__StatementWriter/09__Standard__Sections/Na__LayoutEditor__Statement__Standard__Finishes__.js	644	37890
02__Src__AppModules/51__System__LayoutEditor/52__Feature__StatementWriter/09__Standard__Sections/Na__LayoutEditor__Statement__Standard__Footer__.js	311	16264
02__Src__AppModules/51__System__LayoutEditor/52__Feature__StatementWriter/09__Standard__Sections/Na__LayoutEditor__Statement__Standard__Header__.js	324	17277
02__Src__AppModules/51__System__LayoutEditor/52__Feature__StatementWriter/09__Standard__Sections/Na__LayoutEditor__Statement__Standard__Registry__.js	818	46111
02__Src__AppModules/51__System__LayoutEditor/52__Feature__StatementWriter/09__Standard__Sections/Na__LayoutEditor__Statement__Standard__TrueVisionHub__.js	323	19853
02__Src__AppModules/51__System__LayoutEditor/53__Feature__ProjectQrCode/Na__ProjectQr__Config__.json	47	9732
02__Src__AppModules/51__System__LayoutEditor/53__Feature__ProjectQrCode/Na__ProjectQr__Encoder__.js	863	41596
02__Src__AppModules/51__System__LayoutEditor/53__Feature__ProjectQrCode/Na__ProjectQr__Painter__.js	226	12196
02__Src__AppModules/51__System__LayoutEditor/53__Feature__ProjectQrCode/Na__ProjectQr__ProjectLink__.js	196	9858
02__Src__AppModules/51__System__LayoutEditor/53__Feature__ProjectQrCode/Na__ProjectQr__Symbol__.js	397	23404
02__Src__AppModules/51__System__LayoutEditor/53__Feature__ProjectQrCode/README__ProjectQrCode__.md	166	10065
02__Src__AppModules/51__System__LayoutEditor/54__Feature__SheetImages/Na__LayoutEditor__Panel__SheetImages__.js	309	17663
02__Src__AppModules/51__System__LayoutEditor/54__Feature__SheetImages/Na__LayoutEditor__SheetImages__.js	196	10257
02__Src__AppModules/51__System__LayoutEditor/54__Feature__SheetImages/Na__LayoutEditor__SheetImages__Config__.json	122	13835
02__Src__AppModules/51__System__LayoutEditor/54__Feature__SheetImages/Na__LayoutEditor__SheetImages__Crop__.js	525	28790
02__Src__AppModules/51__System__LayoutEditor/54__Feature__SheetImages/Na__LayoutEditor__SheetImages__Encode__.js	389	21775
02__Src__AppModules/51__System__LayoutEditor/54__Feature__SheetImages/Na__LayoutEditor__SheetImages__Geometry__.js	472	26520
02__Src__AppModules/51__System__LayoutEditor/54__Feature__SheetImages/Na__LayoutEditor__SheetImages__Handles__.js	259	14587
02__Src__AppModules/51__System__LayoutEditor/54__Feature__SheetImages/Na__LayoutEditor__SheetImages__Insert__.js	382	22193
02__Src__AppModules/51__System__LayoutEditor/54__Feature__SheetImages/Na__LayoutEditor__SheetImages__Menu__.js	118	6268
02__Src__AppModules/51__System__LayoutEditor/54__Feature__SheetImages/Na__LayoutEditor__SheetImages__Paint__.js	172	9320
02__Src__AppModules/51__System__LayoutEditor/54__Feature__SheetImages/Na__LayoutEditor__SheetImages__Painter__.js	229	13027
02__Src__AppModules/51__System__LayoutEditor/54__Feature__SheetImages/Na__LayoutEditor__SheetImages__Pdf__.js	112	6020
02__Src__AppModules/51__System__LayoutEditor/54__Feature__SheetImages/Na__LayoutEditor__SheetImages__Publish__.js	464	28325
02__Src__AppModules/51__System__LayoutEditor/54__Feature__SheetImages/Na__LayoutEditor__SheetImages__Setup__.js	212	11074
02__Src__AppModules/51__System__LayoutEditor/54__Feature__SheetImages/Na__LayoutEditor__SheetImages__Source__.js	304	15871
02__Src__AppModules/51__System__LayoutEditor/54__Feature__SheetImages/Na__LayoutEditor__SheetImages__Store__.js	208	10543
02__Src__AppModules/51__System__LayoutEditor/54__Feature__SheetImages/Na__LayoutEditor__Styles__SheetImages__.css	236	10789
02__Src__AppModules/51__System__LayoutEditor/55__Feature__Scrapbook/Na__LayoutEditor__Panel__Scrapbook__.js	262	13539
02__Src__AppModules/51__System__LayoutEditor/55__Feature__Scrapbook/Na__LayoutEditor__Scrapbook__.js	458	25193
02__Src__AppModules/51__System__LayoutEditor/55__Feature__Scrapbook/Na__LayoutEditor__Scrapbook__Config__.json	77	7902
02__Src__AppModules/51__System__LayoutEditor/55__Feature__Scrapbook/Na__LayoutEditor__Scrapbook__TileDrag__.js	429	24221
02__Src__AppModules/51__System__LayoutEditor/56__Feature__ScrapbookCustom/Na__LayoutEditor__Panel__ScrapbookCustom__.js	407	24054
02__Src__AppModules/51__System__LayoutEditor/56__Feature__ScrapbookCustom/Na__LayoutEditor__ScrapbookCustom__.js	582	33998
02__Src__AppModules/51__System__LayoutEditor/56__Feature__ScrapbookCustom/Na__LayoutEditor__ScrapbookCustom__Config__.json	62	5932
02__Src__AppModules/51__System__LayoutEditor/56__Feature__ScrapbookCustom/Na__LayoutEditor__ScrapbookCustom__Transport__.js	294	17170
02__Src__AppModules/51__System__LayoutEditor/56__Feature__ScrapbookCustom/Na__LayoutEditor__Styles__ScrapbookCustom__.css	48	1949
02__Src__AppModules/51__System__LayoutEditor/57__Feature__ScrapbookParametric/Na__LayoutEditor__Panel__ScrapbookParametric__.js	1346	97238
02__Src__AppModules/51__System__LayoutEditor/57__Feature__ScrapbookParametric/Na__LayoutEditor__ScrapbookParametric__.js	1002	60038
02__Src__AppModules/51__System__LayoutEditor/57__Feature__ScrapbookParametric/Na__LayoutEditor__ScrapbookParametric__AreaSchedule__.js	668	40110
02__Src__AppModules/51__System__LayoutEditor/57__Feature__ScrapbookParametric/Na__LayoutEditor__ScrapbookParametric__CabinetInfill__.js	990	61739
02__Src__AppModules/51__System__LayoutEditor/57__Feature__ScrapbookParametric/Na__LayoutEditor__ScrapbookParametric__Config__.json	655	71135
02__Src__AppModules/51__System__LayoutEditor/57__Feature__ScrapbookParametric/Na__LayoutEditor__ScrapbookParametric__DrawingTitle__.js	595	38758
02__Src__AppModules/51__System__LayoutEditor/57__Feature__ScrapbookParametric/Na__LayoutEditor__ScrapbookParametric__Grips__.js	725	46948
02__Src__AppModules/51__System__LayoutEditor/57__Feature__ScrapbookParametric/Na__LayoutEditor__ScrapbookParametric__LinkNoodle__.js	604	37252
02__Src__AppModules/51__System__LayoutEditor/57__Feature__ScrapbookParametric/Na__LayoutEditor__ScrapbookParametric__ProjectQr__.js	810	46642
02__Src__AppModules/51__System__LayoutEditor/57__Feature__ScrapbookParametric/Na__LayoutEditor__ScrapbookParametric__ScaleBar__.js	461	26507
02__Src__AppModules/51__System__LayoutEditor/57__Feature__ScrapbookParametric/Na__LayoutEditor__ScrapbookParametric__SiteLegendLink__.js	442	25203
02__Src__AppModules/51__System__LayoutEditor/57__Feature__ScrapbookParametric/Na__LayoutEditor__ScrapbookParametric__SiteLegend__.js	894	54409
02__Src__AppModules/51__System__LayoutEditor/57__Feature__ScrapbookParametric/Na__LayoutEditor__ScrapbookParametric__ViewportLink__.js	799	47691
02__Src__AppModules/51__System__LayoutEditor/57__Feature__ScrapbookParametric/Na__LayoutEditor__Styles__ScrapbookParametric__.css	285	12494
02__Src__AppModules/51__System__LayoutEditor/58__Feature__ScrapbookSpecification/Na__LayoutEditor__Panel__ScrapbookSpecification__.js	797	47748
02__Src__AppModules/51__System__LayoutEditor/58__Feature__ScrapbookSpecification/Na__LayoutEditor__ScrapbookSpecification__.js	446	26010
02__Src__AppModules/51__System__LayoutEditor/58__Feature__ScrapbookSpecification/Na__LayoutEditor__ScrapbookSpecification__Config__.json	89	9965
02__Src__AppModules/51__System__LayoutEditor/58__Feature__ScrapbookSpecification/Na__LayoutEditor__ScrapbookSpecification__RowEditor__.js	469	27251
02__Src__AppModules/51__System__LayoutEditor/58__Feature__ScrapbookSpecification/Na__LayoutEditor__Styles__ScrapbookSpecification__.css	419	17189
02__Src__AppModules/51__System__LayoutEditor/59__Feature__FloorAreas/Na__LayoutEditor__FloorAreas__.js	849	45643
02__Src__AppModules/51__System__LayoutEditor/59__Feature__FloorAreas/Na__LayoutEditor__FloorAreas__Config__.json	158	13992
02__Src__AppModules/51__System__LayoutEditor/59__Feature__FloorAreas/Na__LayoutEditor__FloorAreas__Geometry__.js	566	31019
02__Src__AppModules/51__System__LayoutEditor/59__Feature__FloorAreas/Na__LayoutEditor__FloorAreas__LabelGrip__.js	315	19943
02__Src__AppModules/51__System__LayoutEditor/59__Feature__FloorAreas/Na__LayoutEditor__FloorAreas__Menu__.js	204	11951
02__Src__AppModules/51__System__LayoutEditor/59__Feature__FloorAreas/Na__LayoutEditor__FloorAreas__Paint__.js	231	11979
02__Src__AppModules/51__System__LayoutEditor/59__Feature__FloorAreas/Na__LayoutEditor__FloorAreas__Table__.js	492	26902
02__Src__AppModules/51__System__LayoutEditor/59__Feature__FloorAreas/Na__LayoutEditor__FloorAreas__Tool__.js	309	15792
02__Src__AppModules/51__System__LayoutEditor/59__Feature__FloorAreas/Na__LayoutEditor__Panel__FloorAreas__.js	871	50767
02__Src__AppModules/51__System__LayoutEditor/59__Feature__FloorAreas/Na__LayoutEditor__Styles__FloorAreas__.css	227	10014
02__Src__AppModules/51__System__LayoutEditor/60__Feature__PdfExport/Na__LayoutEditor__PdfExporter__.js	585	37394
02__Src__AppModules/51__System__LayoutEditor/60__Feature__PdfExport/Na__LayoutEditor__PdfFilename__.js	181	9548
02__Src__AppModules/51__System__LayoutEditor/60__Feature__PdfExport/Na__LayoutEditor__PdfFonts__.js	250	11312
02__Src__AppModules/51__System__LayoutEditor/65__Feature__DocumentPublishing/Na__LayoutEditor__Publish__.js	707	42391
02__Src__AppModules/51__System__LayoutEditor/65__Feature__DocumentPublishing/Na__LayoutEditor__Publish__Config__.json	54	4575
02__Src__AppModules/51__System__LayoutEditor/65__Feature__DocumentPublishing/Na__LayoutEditor__Publish__Panel__.js	285	17216
02__Src__AppModules/51__System__LayoutEditor/65__Feature__DocumentPublishing/Na__LayoutEditor__Publish__Raster__.js	340	17603
02__Src__AppModules/51__System__LayoutEditor/65__Feature__DocumentPublishing/Na__LayoutEditor__Publish__Sheet__.js	479	27556
02__Src__AppModules/51__System__LayoutEditor/65__Feature__DocumentPublishing/Na__LayoutEditor__Publish__Transport__.js	282	14955
02__Src__AppModules/51__System__LayoutEditor/65__Feature__DocumentPublishing/Na__LayoutEditor__Publish__Viewports__.js	457	27436
02__Src__AppModules/51__System__LayoutEditor/66__Feature__DocumentSharing/Na__LayoutEditor__Share__Button__.js	454	24851
02__Src__AppModules/51__System__LayoutEditor/66__Feature__DocumentSharing/Na__LayoutEditor__Share__Config__.json	61	6063
02__Src__AppModules/51__System__LayoutEditor/66__Feature__DocumentSharing/Na__LayoutEditor__Share__Links__.js	418	22789
02__Src__AppModules/51__System__LayoutEditor/66__Feature__DocumentSharing/Na__LayoutEditor__Share__Manifest__.js	487	29504
02__Src__AppModules/51__System__LayoutEditor/66__Feature__DocumentSharing/Na__LayoutEditor__Share__Open__.js	364	21472
02__Src__AppModules/51__System__LayoutEditor/66__Feature__DocumentSharing/Na__LayoutEditor__Styles__Share__.css	220	8877
02__Src__AppModules/51__System__LayoutEditor/66__Feature__DocumentSharing/README__DocumentSharing__.md	112	7514
02__Src__AppModules/51__System__LayoutEditor/70__DevTools__DevMenu/Na__LayoutEditor__DevMenu__Controls__.js	305	16661
02__Src__AppModules/51__System__LayoutEditor/80__Feature__WebViewer/Na__LayoutEditor__Styles__WebViewer__.css	289	12583
02__Src__AppModules/51__System__LayoutEditor/80__Feature__WebViewer/Na__LayoutEditor__WebViewer__.js	706	40605
02__Src__AppModules/51__System__LayoutEditor/80__Feature__WebViewer/Na__LayoutEditor__WebViewer__Drawings__.js	336	17782
02__Src__AppModules/51__System__LayoutEditor/80__Feature__WebViewer/Na__LayoutEditor__WebViewer__Spec__.js	262	13131
02__Src__AppModules/51__System__LayoutEditor/80__Feature__WebViewer/Na__LayoutEditor__WebViewer__TouchControls__.js	498	26955
02__Src__AppModules/52__System__Layout__PublishedDocuments/Na__PubDoc__Config__.json	133	9949
02__Src__AppModules/52__System__Layout__PublishedDocuments/Na__PubDoc__Document__.js	621	33446
02__Src__AppModules/52__System__Layout__PublishedDocuments/Na__PubDoc__Elements__.js	653	33058
02__Src__AppModules/52__System__Layout__PublishedDocuments/Na__PubDoc__LoadingScreen__.js	596	31181
02__Src__AppModules/52__System__Layout__PublishedDocuments/Na__PubDoc__Paint__.js	522	26420
02__Src__AppModules/52__System__Layout__PublishedDocuments/Na__PubDoc__Sheet__.js	298	14657
02__Src__AppModules/52__System__Layout__PublishedDocuments/Na__PubDoc__Styles__Main__.css	123	5156
02__Src__AppModules/52__System__Layout__PublishedDocuments/Na__PubDoc__Unpublished__.js	226	10952
02__Src__AppModules/52__System__Layout__PublishedDocuments/Na__PubDoc__Urls__.js	340	17936
02__Src__AppModules/52__System__Layout__PublishedDocuments/Na__PubDoc__Viewports__.js	426	21962
02__Src__AppModules/52__System__Layout__PublishedDocuments/README__PublishedDocuments__.md	60	3331
02__Src__AppModules/53__Data__Layout__PublishedSchema/Na__PublishedSchema__.json	189	20666
02__Src__AppModules/53__Data__Layout__PublishedSchema/Na__PublishedSchema__Paths__.js	678	35950
02__Src__AppModules/53__Data__Layout__PublishedSchema/Na__PublishedSchema__Version__.js	172	8415
02__Src__AppModules/53__Data__Layout__PublishedSchema/README__PublishedSchema__.md	99	4578
02__Src__AppModules/54__Feature__ColourPalette/Na__ColourPalette__.js	88	4264
02__Src__AppModules/54__Feature__ColourPalette/Na__ColourPalette__Config__.json	196	15994
02__Src__AppModules/54__Feature__ColourPalette/Na__ColourPalette__Manager__.js	448	25567
02__Src__AppModules/54__Feature__ColourPalette/Na__ColourPalette__Picker__.js	733	40889
02__Src__AppModules/54__Feature__ColourPalette/Na__ColourPalette__Styles__.css	205	8718
02__Src__AppModules/54__Feature__ColourPalette/README__ColourPalette__.md	151	9705
02__Src__AppModules/55__Feature__SpellCheck/Na__SpellCheck__.js	99	4526
02__Src__AppModules/55__Feature__SpellCheck/Na__SpellCheck__Config__.json	46	4011
02__Src__AppModules/55__Feature__SpellCheck/Na__SpellCheck__Dictionary__.js	556	31840
02__Src__AppModules/55__Feature__SpellCheck/Na__SpellCheck__Field__.js	630	35860
02__Src__AppModules/55__Feature__SpellCheck/Na__SpellCheck__Styles__.css	115	4621
02__Src__AppModules/55__Feature__SpellCheck/Na__SpellCheck__WordBar__.js	211	11525
02__Src__AppModules/55__Feature__SpellCheck/README__SpellCheck__.md	147	8876
02__Src__AppModules/62__Feature__AppInstallability/README__PwaInstallability__.md	225	10692
02__Src__AppModules/62__Feature__AppInstallability/TrueVision__Pwa__Handler__Chromium__.js	224	14396
02__Src__AppModules/62__Feature__AppInstallability/TrueVision__Pwa__Handler__GenericManual__.js	224	12694
02__Src__AppModules/62__Feature__AppInstallability/TrueVision__Pwa__Handler__InstalledStandalone__.js	160	9777
02__Src__AppModules/62__Feature__AppInstallability/TrueVision__Pwa__Handler__IosNonSafari__.js	212	14028
02__Src__AppModules/62__Feature__AppInstallability/TrueVision__Pwa__Handler__IosSafari__.js	171	10738
02__Src__AppModules/62__Feature__AppInstallability/TrueVision__Pwa__Handler__MacSafari__.js	147	8667
02__Src__AppModules/62__Feature__AppInstallability/TrueVision__Pwa__InstallController__.js	393	27056
02__Src__AppModules/62__Feature__AppInstallability/TrueVision__Pwa__Manifest__Builder__.js	384	26862
02__Src__AppModules/62__Feature__AppInstallability/TrueVision__Pwa__Manifest__Fallback__.webmanifest	44	1711
02__Src__AppModules/62__Feature__AppInstallability/TrueVision__Pwa__PlatformDetector__.js	343	27162
02__Src__AppModules/62__Feature__AppInstallability/TrueVision__Pwa__ProjectContext__.js	278	20345
02__Src__AppModules/62__Feature__AppInstallability/TrueVision__Pwa__PromptUi__.js	450	35394
02__Src__AppModules/62__Feature__AppInstallability/TrueVision__Pwa__ServiceWorker__Logic__.js	1196	82035
02__Src__AppModules/62__Feature__AppInstallability/TrueVision__Pwa__ServiceWorker__Registrar__.js	370	24741
02__Src__AppModules/62__Feature__AppInstallability/TrueVision__Pwa__SessionState__.js	419	28222
02__Src__AppModules/62__Feature__AppInstallability/TrueVision__Pwa__Url__Constructor__.js	258	17725
02__Src__AppModules/70__System__DevTools/Na__UiFeature__AssetCullDistance__DevControls.js	368	19101
02__Src__AppModules/70__System__DevTools/Na__UiFeature__DevMenu__CacheAndStorage__Controls.js	417	20126
02__Src__AppModules/70__System__DevTools/Na__UiFeature__DevMenu__LocalhostOnly.js	150	6712
02__Src__AppModules/70__System__DevTools/Na__UiFeature__NavigationModes__DevControls.js	168	8450
02__Src__AppModules/70__System__DevTools/Na__UiFeature__PurgeAppCache__Button.js	97	5142
02__Src__AppModules/70__System__DevTools/Na__UiFeature__SceneInspector__Controls.js	988	44174
02__Src__AppModules/75__System__UserInstructionsSystem/Na__UiFeature__Styles__UserInstructions__.css	483	21578
02__Src__AppModules/75__System__UserInstructionsSystem/Na__UiFeature__UserInstructions__MenuItem.js	64	3017
02__Src__AppModules/75__System__UserInstructionsSystem/Na__UserInstructions__Content__.html	486	30021
02__Src__AppModules/75__System__UserInstructionsSystem/Na__UserInstructions__SystemLogic.js	265	12797
02__Src__AppModules/76__System__FullscreenMode/Na__UiFeature__FullscreenMode__Prompt.js	307	16355
02__Src__AppModules/76__System__FullscreenMode/Na__UiFeature__FullscreenMode__SystemLogic.js	282	13583
02__Src__AppModules/76__System__FullscreenMode/Na__UiFeature__Styles__FullscreenMode__.css	326	14198
02__Src__AppModules/80__CloudflareIntegration/FutureCfHelpersEtc__ForServerlessFeaturesSuchAsClientComments__.note	1	67
02__Src__AppModules/80__CloudflareIntegration/Na__CloudflareIntegration__ApiClient__.js	1221	65544
03__Style__AppStylesheets/Na__CoreUi__Styles__BaseLayout__.css	38	1496
03__Style__AppStylesheets/Na__CoreUi__Styles__Fonts__.css	61	3723
03__Style__AppStylesheets/Na__CoreUi__Styles__Index__.css	191	11300
03__Style__AppStylesheets/Na__CoreUi__Styles__RenderCanvas__.css	19	1129
03__Style__AppStylesheets/Na__ImageExport__Styles__ViewportOverlays__.css	133	7777
03__Style__AppStylesheets/Na__PresentationMode__Styles__SceneCarousel__.css	1215	45008
03__Style__AppStylesheets/Na__UiFeature__Styles__AppHeader__.css	310	18611
03__Style__AppStylesheets/Na__UiFeature__Styles__ControlsHelpPanel__.css	255	11184
03__Style__AppStylesheets/Na__UiFeature__Styles__DevMenu__CacheAndStorage__.css	87	3545
03__Style__AppStylesheets/Na__UiFeature__Styles__DevToolsMenu__.css	176	9316
03__Style__AppStylesheets/Na__UiFeature__Styles__DropdownAndToast__.css	1301	50821
03__Style__AppStylesheets/Na__UiFeature__Styles__LoadingOverlays__.css	339	21405
03__Style__AppStylesheets/Na__UiFeature__Styles__NavigationToolbar__.css	453	21024
03__Style__AppStylesheets/Na__UiFeature__Styles__PwaInstallability__.css	447	19138
03__Style__AppStylesheets/Na__UiFeature__Styles__SceneInspector__.css	272	10424
50__TrueVision__UserConfig/TrueVision__UserSpellings__.json	404	13265
51__LayoutEditor__UserScrapbookContent/UserScrapbook__Index__.json	31	1790
51__LayoutEditor__UserScrapbookContent/00__Deleted__Quarantine/01__ScrapbookItems__General__UserScrapbookItem__GFFL__20260921-201503__deleted-20260921-201632.json	91	3340
51__LayoutEditor__UserScrapbookContent/00__Deleted__Quarantine/01__ScrapbookItems__General__UserScrapbookItem__Leader__20260922-083918__deleted-20260922-093623.json	126	4823
51__LayoutEditor__UserScrapbookContent/01__ScrapbookItems__General/UserScrapbookItem__GFFL__20260921-201647.json	131	4649
51__LayoutEditor__UserScrapbookContent/01__ScrapbookItems__General/UserScrapbookItem__LeaderStandards__20260922-093631.json	126	4849
51__LayoutEditor__UserScrapbookContent/01__ScrapbookItems__General/UserScrapbookItem__Test__20260921-122253.json	95	3422
52__LayoutEditor__HatchPatternLibrary/HatchLibrary__Index__.json	19	2167
52__LayoutEditor__HatchPatternLibrary/OS_Symbol__Examples__.png		1404582
52__LayoutEditor__HatchPatternLibrary/OS_Symbol__Examples__Woodland&Water__.png		1162399
52__LayoutEditor__HatchPatternLibrary/02__ConstructionMaterialHatches/HatchPack__Index__.json	39	7265
52__LayoutEditor__HatchPatternLibrary/02__ConstructionMaterialHatches/Na__HatchPattern__Construction__BlockCoursing__.json	65	4035
52__LayoutEditor__HatchPatternLibrary/02__ConstructionMaterialHatches/Na__HatchPattern__Construction__Blockwork__.json	74	4713
52__LayoutEditor__HatchPatternLibrary/02__ConstructionMaterialHatches/Na__HatchPattern__Construction__BrickCoursing__.json	65	4371
52__LayoutEditor__HatchPatternLibrary/02__ConstructionMaterialHatches/Na__HatchPattern__Construction__Brickwork__.json	66	4438
52__LayoutEditor__HatchPatternLibrary/02__ConstructionMaterialHatches/Na__HatchPattern__Construction__CladdingBoards__.json	65	3892
52__LayoutEditor__HatchPatternLibrary/02__ConstructionMaterialHatches/Na__HatchPattern__Construction__Concrete__.json	114	7955
52__LayoutEditor__HatchPatternLibrary/02__ConstructionMaterialHatches/Na__HatchPattern__Construction__Earth__.json	76	4649
52__LayoutEditor__HatchPatternLibrary/02__ConstructionMaterialHatches/Na__HatchPattern__Construction__Hardcore__.json	102	6565
52__LayoutEditor__HatchPatternLibrary/02__ConstructionMaterialHatches/Na__HatchPattern__Construction__InsulationQuilt__.json	65	4585
52__LayoutEditor__HatchPatternLibrary/02__ConstructionMaterialHatches/Na__HatchPattern__Construction__InsulationRigid__.json	64	3699
52__LayoutEditor__HatchPatternLibrary/02__ConstructionMaterialHatches/Na__HatchPattern__Construction__Metal__.json	65	4101
52__LayoutEditor__HatchPatternLibrary/02__ConstructionMaterialHatches/Na__HatchPattern__Construction__RoofTilesPlain__.json	65	4076
52__LayoutEditor__HatchPatternLibrary/02__ConstructionMaterialHatches/Na__HatchPattern__Construction__ScreedAndRender__.json	109	8511
52__LayoutEditor__HatchPatternLibrary/02__ConstructionMaterialHatches/Na__HatchPattern__Construction__TimberGrain__.json	84	4935
52__LayoutEditor__HatchPatternLibrary/05__SitePlanHatches/HatchPack__Index__.json	26	2545
52__LayoutEditor__HatchPatternLibrary/05__SitePlanHatches/Na__HatchPattern__SitePlan__Grassland__.json	79	6475
52__LayoutEditor__HatchPatternLibrary/05__SitePlanHatches/Na__HatchPattern__SitePlan__Gravel__.json	106	3208
52__LayoutEditor__HatchPatternLibrary/05__SitePlanHatches/Na__HatchPattern__SitePlan__MixedWoodland__.json	85	6410
52__LayoutEditor__HatchPatternLibrary/05__SitePlanHatches/Na__HatchPattern__SitePlan__PondsAndLakes__.json	71	4456
52__LayoutEditor__HatchPatternLibrary/05__SitePlanHatches/Na__HatchPattern__SitePlan__RoughGrassland__.json	88	6675
60__DistributionEmails/Distro__InviteEmailEmbedCard__TrueVision3D.html	131	7794
79__Testing__GenerateObjects/GenerateObject__AnimatedBallCloud.js	84	3676
79__Testing__GenerateObjects/GenerateObject__AnimatedRGBBoxes.js	88	3640
79__Testing__GenerateObjects/GenerateObject__AnimatedWhiteStars.js	83	3637
79__Testing__GenerateObjects/TestEnv__GenerateObjects__Minimal__.html	406	17082
80__CloudflareIntegration/CloudflareWorker/deploy.bat		612
80__CloudflareIntegration/CloudflareWorker/package.json	14	412
80__CloudflareIntegration/CloudflareWorker/wrangler.toml	50	2126
80__CloudflareIntegration/CloudflareWorker/src/CloudflareWorker__Main__.js	181	6480
80__CloudflareIntegration/CloudflareWorker/src/handlers/CloudflareHandler__R2__.js	407	14041
80__Testing__PrototypeEnvironment/Na__TestEnv__ObjectSnapBundle__.cjs		5859
80__Testing__PrototypeEnvironment/Na__TestEnv__Styles__PrototypeSandbox__.css	833	37016
80__Testing__PrototypeEnvironment/Na__Test__AreaSchedule__.test.mjs	277	22491
80__Testing__PrototypeEnvironment/Na__Test__AuthoringZoomMax__.test.mjs	185	10570
80__Testing__PrototypeEnvironment/Na__Test__BubbleNoteTooltip__.test.mjs	321	19783
80__Testing__PrototypeEnvironment/Na__Test__ColourPalette__.test.mjs	353	27709
80__Testing__PrototypeEnvironment/Na__Test__CopyDrag__.test.cjs		40763
80__Testing__PrototypeEnvironment/Na__Test__CrossSheetClipboard__.test.cjs		15165
80__Testing__PrototypeEnvironment/Na__Test__DimensionRoundUp__.test.mjs	108	6364
80__Testing__PrototypeEnvironment/Na__Test__DocumentKeys__.test.mjs	269	17376
80__Testing__PrototypeEnvironment/Na__Test__DraftGuard__.test.cjs		19301
80__Testing__PrototypeEnvironment/Na__Test__DraftRestore__.test.mjs	364	20874
80__Testing__PrototypeEnvironment/Na__Test__DrawingAxes__.test.mjs	447	29026
80__Testing__PrototypeEnvironment/Na__Test__DrawingDrafts__.test.mjs	301	20346
80__Testing__PrototypeEnvironment/Na__Test__DrawingGrid__.test.mjs	303	25479
80__Testing__PrototypeEnvironment/Na__Test__DrawingPlanes__.test.mjs	237	15716
80__Testing__PrototypeEnvironment/Na__Test__DrawingProfileLines__.html	240	11241
80__Testing__PrototypeEnvironment/Na__Test__DrawingTabKeys__.test.mjs	402	27924
80__Testing__PrototypeEnvironment/Na__Test__ElevationDepthFog__.test.mjs	295	21338
80__Testing__PrototypeEnvironment/Na__Test__ElevationGeometry__.html	245	11760
80__Testing__PrototypeEnvironment/Na__Test__EnhanceWhitecardStrength__.test.mjs	279	16274
80__Testing__PrototypeEnvironment/Na__Test__FloorAreas__.test.mjs	176	14319
80__Testing__PrototypeEnvironment/Na__Test__FloorPlanStoreyLevel__.test.mjs	152	11488
80__Testing__PrototypeEnvironment/Na__Test__FlushJoins__.test.mjs	173	7928
80__Testing__PrototypeEnvironment/Na__Test__GroupMoveSnapping__.test.cjs		13810
80__Testing__PrototypeEnvironment/Na__Test__HatchLineControls__.test.mjs	409	30430
80__Testing__PrototypeEnvironment/Na__Test__HideSwings__.test.mjs	331	24906
80__Testing__PrototypeEnvironment/Na__Test__IosTextureProbe__.html	423	20512
80__Testing__PrototypeEnvironment/Na__Test__LayerMenu__.test.mjs	758	55621
80__Testing__PrototypeEnvironment/Na__Test__LayerStack__.test.mjs	277	19082
80__Testing__PrototypeEnvironment/Na__Test__LeaderlessNotes__.test.mjs	381	28892
80__Testing__PrototypeEnvironment/Na__Test__MoveAnchor__.test.mjs	525	40819
80__Testing__PrototypeEnvironment/Na__Test__MoveRetype__.test.mjs	401	31767
80__Testing__PrototypeEnvironment/Na__Test__NorthCompass__.test.mjs	119	8190
80__Testing__PrototypeEnvironment/Na__Test__NoteRegions__.test.mjs	384	30966
80__Testing__PrototypeEnvironment/Na__Test__ObjectSnap__.test.mjs	368	30991
80__Testing__PrototypeEnvironment/Na__Test__OrthoMode__.test.mjs	464	32117
80__Testing__PrototypeEnvironment/Na__Test__PaintedOnThePoint__.test.mjs	344	25301
80__Testing__PrototypeEnvironment/Na__Test__PerSceneLighting__.test.mjs	309	18358
80__Testing__PrototypeEnvironment/Na__Test__ProjectDataSaveGuard__.test.py	184	11866
80__Testing__PrototypeEnvironment/Na__Test__ProjectQr__.test.mjs	469	30776
80__Testing__PrototypeEnvironment/Na__Test__ProjectQr__Decode__.py	117	5398
80__Testing__PrototypeEnvironment/Na__Test__ProjectRecordAddress__.html	148	7103
80__Testing__PrototypeEnvironment/Na__Test__PublishedReader__.test.mjs	590	31790
80__Testing__PrototypeEnvironment/Na__Test__PublishedReader__Harness__.html	135	7518
80__Testing__PrototypeEnvironment/Na__Test__PublishedSchema__.test.mjs	650	37856
80__Testing__PrototypeEnvironment/Na__Test__Reference__TyporaTheme__.css	545	30648
80__Testing__PrototypeEnvironment/Na__Test__ScrapbookApi__.test.py	152	9115
80__Testing__PrototypeEnvironment/Na__Test__ScrapbookCabinetInfill__.test.mjs	335	31180
80__Testing__PrototypeEnvironment/Na__Test__ScrapbookDrawingTitle__.test.mjs	281	30101
80__Testing__PrototypeEnvironment/Na__Test__ScrapbookProjectQr__.test.mjs	430	34229
80__Testing__PrototypeEnvironment/Na__Test__ScrapbookScaleBar__.test.mjs	148	10842
80__Testing__PrototypeEnvironment/Na__Test__ScrapbookServer__.py	97	4143
80__Testing__PrototypeEnvironment/Na__Test__ScrapbookSiteLegend__.test.mjs	278	24125
80__Testing__PrototypeEnvironment/Na__Test__SetMoveLeaderTips__.test.cjs		48840
80__Testing__PrototypeEnvironment/Na__Test__ShareLinks__.test.mjs	452	31187
80__Testing__PrototypeEnvironment/Na__Test__SheetImagesApi__.test.py	152	9026
80__Testing__PrototypeEnvironment/Na__Test__SheetImages__.test.mjs	474	36645
80__Testing__PrototypeEnvironment/Na__Test__SheetPagingWalkExit__.test.mjs	252	16884
80__Testing__PrototypeEnvironment/Na__Test__SheetsNormaliseOnce__.test.mjs	266	16814
80__Testing__PrototypeEnvironment/Na__Test__SitePlanComposites__.test.mjs	1052	76302
80__Testing__PrototypeEnvironment/Na__Test__SitePlanComposites__Output__.html	32	40247
80__Testing__PrototypeEnvironment/Na__Test__SitePlanFaces__.test.mjs	200	10118
80__Testing__PrototypeEnvironment/Na__Test__SitePlanStore__.test.mjs	263	15379
80__Testing__PrototypeEnvironment/Na__Test__SpecInlineEdit__.test.mjs	294	21166
80__Testing__PrototypeEnvironment/Na__Test__SpecLockstep__.test.mjs	374	24661
80__Testing__PrototypeEnvironment/Na__Test__SpecificationPdf__.html	122	7444
80__Testing__PrototypeEnvironment/Na__Test__SpellCheckDictionary__.test.mjs	257	18273
80__Testing__PrototypeEnvironment/Na__Test__SpellCheckField__.html	196	11992
80__Testing__PrototypeEnvironment/Na__Test__StatementDomRoundTrip__.html	175	8328
80__Testing__PrototypeEnvironment/Na__Test__StatementFigureTitle__.test.mjs	176	11698
80__Testing__PrototypeEnvironment/Na__Test__StatementFigure__.html	284	16877
80__Testing__PrototypeEnvironment/Na__Test__StatementFinishes__.html	105	6718
80__Testing__PrototypeEnvironment/Na__Test__StatementFinishes__.test.mjs	337	25488
80__Testing__PrototypeEnvironment/Na__Test__StatementLockstep__.test.mjs	158	8337
80__Testing__PrototypeEnvironment/Na__Test__StatementPublish__.test.mjs	424	31329
80__Testing__PrototypeEnvironment/Na__Test__StatementRoundTrip__.test.mjs	179	8909
80__Testing__PrototypeEnvironment/Na__Test__StatementSchedule__.test.mjs	353	28792
80__Testing__PrototypeEnvironment/Na__Test__StatementServer__.py	240	11032
80__Testing__PrototypeEnvironment/Na__Test__StatementStandard__.html	77	4612
80__Testing__PrototypeEnvironment/Na__Test__StatementStandard__.test.mjs	280	19861
80__Testing__PrototypeEnvironment/Na__Test__StatementTyping__.html	229	10895
80__Testing__PrototypeEnvironment/Na__Test__StatementTypography__.html	235	11384
80__Testing__PrototypeEnvironment/Na__Test__StoreyBand__.test.mjs	186	16328
80__Testing__PrototypeEnvironment/Na__Test__TitleBlockCells__.html	200	12748
80__Testing__PrototypeEnvironment/Na__Test__TitleBlockCells__.test.mjs	237	17478
80__Testing__PrototypeEnvironment/Na__Test__TitleBlockScaleCell__.html	194	11381
80__Testing__PrototypeEnvironment/Na__Test__UserSpellingsApi__.test.py	243	14273
80__Testing__PrototypeEnvironment/Na__Test__VectorBooleans__.test.mjs	726	62564
80__Testing__PrototypeEnvironment/Na__Test__VectorQuality__.test.mjs	227	13570
80__Testing__PrototypeEnvironment/Na__Test__VectorTools__.test.mjs	428	34130
80__Testing__PrototypeEnvironment/Na__Test__ViewportRotation__.test.mjs	344	25808
80__Testing__PrototypeEnvironment/Na__Test__ViewportTitleText__.test.mjs	171	15637
80__Testing__PrototypeEnvironment/Na__Verify__Exports__.mjs	343	16659
80__Testing__PrototypeEnvironment/Na__Verify__ModuleGraph__.mjs	378	19782
80__Testing__PrototypeEnvironment/Na__Verify__RubySyntax__.py	181	6756
80__Testing__PrototypeEnvironment/TestEnv__FlaskLocalServer.bat		1662
80__Testing__PrototypeEnvironment/TestEnv__FlaskLocalServer.py	302	14464
80__Testing__PrototypeEnvironment/TestEnv__PrototypeTestingSandbox__DomAndLayout.html	261	12909
80__Testing__PrototypeEnvironment/TestEnv__PrototypeTestingSandbox__Main__.js	1453	77616
80__Testing__PrototypeEnvironment/TestEnv__README__.md	104	6508
80__Testing__PrototypeEnvironment/TestEnv__SubAppData__Config.json	175	9088
90__rubyScript__SketchUpSisterTools__ToolsAndUtils/Na__TrueVision__GlbBuilderUtility__Version-1.7.0__23-Feb-2026__.zip		61072
90__rubyScript__SketchUpSisterTools__ToolsAndUtils/Na__TrueVision__GlbBuilderUtility__Version-1.7.1__23-Feb-2026.zip		64168
90__rubyScript__SketchUpSisterTools__ToolsAndUtils/Na__TrueVision__GlbBuilderUtility__Version-1.9.1__28-Feb-2026.zip		73691
