/LayoutEditor__Sheet__Config/LayoutEditor__Sheet__DefaultNameFormatNote	value	"What a new sheet is called until it is named. It carried its place in the pack ('Drawing {index}', and {index} still answers) until the tabs took the Drawing Register's short code: 'D11 - Drawing 5' is two numbers on one tab that need not agree. The number on a tab is the register's alone now, so the default name has none."	"What a new sheet is called until it is named. It carried its place in the pack ('Drawing {index}', and {index} still answers) until the tabs began showing the drawing's own short code: 'D11 - Drawing 5' is two numbers on one tab that need not agree."
/LayoutEditor__Style__Config/LayoutEditor__Style__Description	value	"How everything printed on a sheet that is not a view is painted. Read by the chrome module, which draws the on-screen sheet and the PDF from one primitive list. FontFamily is Open Sans, the app face; the PDF exporter embeds the same three TTF cuts so paper matches the screen."	"How everything printed on a sheet that is not a view is painted. Read by the chrome module, which draws the on-screen sheet and the PDF from one primitive list. FontFamily leads with Helvetica because that is what jsPDF embeds; Open Sans is the app face and metrically close enough for labels."
/LayoutEditor__Style__Config/LayoutEditor__Style__FontFamily	value	"'Open Sans', Helvetica, Arial, sans-serif"	"Helvetica, Arial, 'Open Sans', sans-serif"
/LayoutEditor__Style__Config/LayoutEditor__Style__FrameLabelMinFontMmNote	value	"A viewport caption sits INSIDE its frame's bottom-left corner, so it cannot grow past the frame the way a caption hung beneath one could. In a frame too narrow for it - a tall thin elevation, a cropped detail - the type sets smaller down to this size rather than truncating, because a scale chopped to '1:12...' is worse than none: it still reads as a number. Only a caption that will not fit at this size is truncated."	"A viewport caption sits INSIDE its frame's bottom-left corner, so it cannot grow past the frame. In a frame too narrow for it the type sets smaller down to this size rather than truncating, because a scale chopped to '1:12...' is worse than none: it still reads as a number."
/LayoutEditor__Style__Config/LayoutEditor__Style__TitleValueWeightNote	value	"Regular, not bold. The PDF embeds Open Sans Light, Regular and SemiBold (the three cuts the app loads), so a title value could print as SemiBold; it stays Regular so the strip still reads as a caption over a value rather than as two bold lines."	"Regular, not bold. jsPDF standard Helvetica only embeds regular and bold by reference - there is no semi-bold cut available without shipping a font file - so regular is the lighter of the two weights this title block can actually offer on both screen and PDF."
/LayoutEditor__TitleBlock__Config/LayoutEditor__TitleBlock__HeightMmNote	value	"LANTERN DESIGNER'S STRIP: 10 mm, the height the two apps share, so a drawing from either sits in one pack. THE QR CODE IS AS TALL AS THIS ALLOWS - the strip's height less the symbol's quiet zone - so this is also what decides whether a phone can read a printed drawing: 10 mm prints the project's 29 module symbol at 0.303 mm a module in an 8.79 mm square, which is Lantern Designer's own 8.8 mm code with a larger module than Lantern's 0.267. DO NOT LOWER IT: the console says so whenever the module falls under the floor set in Na__ProjectQr__Config__.json. History: 16 mm once, with each value pinned to the foot of the strip, which read as an empty box with writing in its corners; 10 to match Lantern Designer; 20 for one day (19-Sep-2026) while the code carried the project's full 135 byte address and needed the height, which Adam judged 'too tall, too portrait-feeling, and stretched'; and 10 again on 20-Sep-2026, when the code was given a 42 byte address instead (ProjectQr__Link__LengthNote in that file). Raising it is safe for the code, which simply grows with it - but placed viewports are never moved, so a taller strip can run over drawings already laid out against this one."	"The printed height of a Lantern Designer title block strip. It was 16 mm, and no arrangement of a label and a value fills that much band - the strip read as an empty box with writing in its corners rather than as a title block."
/LayoutEditor__TitleBlock__Config/LayoutEditor__TitleBlock__LogoAssetPath	value	"../01__Assets__NaApps__CommonAssets/NaApps__CommonGraphics/NaBrandGraphic__CompanyLogo__w2048xh500px__.png"	"../assets__CommonApplicationAssets/AppLogo__ValeHeaderImage_ValeLogo_HorizontalFormat__.png"
/LayoutEditor__TitleBlock__Config/LayoutEditor__TitleBlock__LogoCellWidthMm	value	40	34
/LayoutEditor__TitleBlock__Config/LayoutEditor__TitleBlock__LogoCellWidthMmNote	TV-only	"Was 34 with 1.4 mm of LogoPaddingHMm, which left the mark 1.4 mm from the frame on one side and from the Client cell's rule on the other - Adam, 19-Sep-2026: 'Give me a little space left and right of the logo as well, so it's not so hemmed in.' The mark itself is unchanged: LogoMaxHeightMm and the strip height are what size it (31.1 x 7.6 mm), so widening the cell to 40 and the padding to 4 only adds air, about 4.4 mm either side."	null
/LayoutEditor__TitleBlock__Config/LayoutEditor__TitleBlock__LogoMaxHeightMm	value	8	5.5
/LayoutEditor__TitleBlock__Config/LayoutEditor__TitleBlock__LogoAspectWidthOverHeight	value	4.096	4.5
/LayoutEditor__TitleBlock__Config/LayoutEditor__TitleBlock__LogoAspectWidthOverHeightNote	value	"The asset is 2048 x 500 px, so 4.096 (re-measured 10-Sep-2026 when the Vale mark was replaced with the Noble Architecture one; the Vale asset was 2000 x 444 and 4.5). The asset cache hands the chrome a data URL and no dimensions, and both painters stretch an image to whatever rectangle they are given, so the aspect has to be stated here rather than measured. It was assumed to be 4.2, which printed the Vale mark 7 percent too tall on every sheet. Re-measure this if the logo file is ever replaced."	"The asset is 2000 x 444 px. The asset cache hands the chrome a data URL and no dimensions, and both painters stretch an image to whatever rectangle they are given, so the aspect has to be stated here rather than measured. It was assumed to be 4.2, which printed the Vale mark 7 percent too tall on every sheet. Re-measure this if the logo file is ever replaced."
/LayoutEditor__TitleBlock__Config/LayoutEditor__TitleBlock__LogoPaddingVMm	value	1.2	1.8
/LayoutEditor__TitleBlock__Config/LayoutEditor__TitleBlock__LogoPaddingHMm	value	4	2.5
/LayoutEditor__TitleBlock__Config/LayoutEditor__TitleBlock__DrawnByDefault	value	"Noble Architecture"	"Vale Garden Houses"
/LayoutEditor__TitleBlock__Config/LayoutEditor__TitleBlock__DocumentIdNote	TV-only	"The strip used to call this cell Drawing No. and print whatever sat in Sheet__Fields__DrawingNumber. That field now holds the sequential number alone (D01), so the cell reads the composed DocumentId instead and is labelled for what it actually is: an identifier with the job, the phase and the drawing in it, not a number. The identifier's length barely moves - the job code and the phase are fixed, and the drawing number gains one digit past D99 - so the cell is 24 mm: WW88_T04_D100, the widest code the schema can compose, measures 20.4. See TrueVision__NOTES__DrawingNumberingSchema__.md."	null
/LayoutEditor__TitleBlock__Config/LayoutEditor__TitleBlock__RowsNote	value	"WidthMm IS PAPER MILLIMETRES, the same on every paper size, the way the logo already is. Until 19-Sep-2026 these were relative shares of the strip, so every cell grew with the paper: on A2 the Client cell was 76 mm for 'Mr P. Samra' and the Document ID 71 mm for twelve characters, while the Drawing Title - the one value that is ever long - was cut off at 92 mm. Adam: 'there are certain fields that are never going to need more size, so they kind of seem needlessly oversized... The one thing that does need the space is the drawing name.' A row with Flex takes what the paper has left over, shared by weight if more than one has it, and its WidthMm is the least it is ever given; the Drawing Title is the one that ships with it. NO VALUE IS CUT OFF WHILE ANOTHER CELL HAS ROOM TO SPARE: a cell whose text will not fit grows, out of the paper's spare room first and then out of the room other cells are not using, which is how Site Address and the title 'grow if absolutely required'. A pack whose values fit therefore has its dividers in the same place on every sheet. On paper too narrow for the strip (A4) the cells give up their unused room before anything is cut. The arithmetic is Na__LayoutEditor__TitleBlock__Cells__.js. Widths are measured against Open Sans at FontSizeValueMm, padding included: Client 36 holds 'Mr & Mrs Featherstonehaugh' (33.0); Site Address 70 holds '255 Musters Road, West Bridgford, Nottinghamshire, NG2 7DD' (67.0); Rev, Scale, Date and Drawn By are one 28 mm module - Adam: 'Revision, scale, date, and drawn by can all be the same size' - set by the widest thing any of them says, the site plan's '1:500 & 1:1250 @ ISO A1' (27.9); Status 30 holds the longest entry in Statuses, 'FOR BUILDING CONTROL' (28.6). On A3 landscape that leaves the title 98 mm, enough for PS01's 84 character titles (92.5). A config with no Flex row at all shares the spare room in proportion to WidthMm, which is exactly the old behaviour."	"WidthMm IS PAPER MILLIMETRES, the same on every paper size, the way the logo already is. Until 20-Sep-2026 these were relative shares of the strip, so every cell grew and shrank with the paper: on A2 the Client cell was 76 mm for a surname and the Drawing No. 49 mm for eight characters, while on A3 the Drawing Title - the one value that is ever long - had 71 mm and cut an 88 mm title short. Authored in TrueVision3D v2.79.0 to Adam's brief there: 'there are certain fields that are never going to need more size, so they kind of seem needlessly oversized... The one thing that does need the space is the drawing name.' A row with Flex takes what the paper has left over, shared by weight if more than one has it, and its WidthMm is the least it is ever given; the Drawing Title is the one that ships with it. NO VALUE IS CUT OFF WHILE ANOTHER CELL HAS ROOM TO SPARE: a cell whose text will not fit grows, out of the paper's spare room first and then out of the room other cells are not using, which is how Site Address and the title 'grow if absolutely required'. A pack whose values fit therefore has its dividers in the same place on every sheet. On paper too narrow for the strip (A4) the cells give up their unused room before anything is cut. The arithmetic is Na__LayoutEditor__TitleBlock__Cells__.js. THE WIDTHS ARE TRUEVISION'S, so the two apps issue the same strip, and were re-measured here in this app's own face - jsPDF's Helvetica at FontSizeValueMm, padding included - because Helvetica sets wider than TrueVision's Open Sans: Client 36 holds 'Mr & Mrs Featherstonehaugh' (31.2); Site Address 70 holds '255 Musters Road, West Bridgford, Nottinghamshire, NG2 7DD' (64.2); Drawing No. 24 holds a typed 'PS01_T02_D100' (19.5) and the 3047-01 default with room over; Rev, Scale, Date and Drawn By are one 28 mm module, set by the widest thing any of them says - '1:50 & 1:100 @ ISO A2' (25.7), with Drawn By's default 'Vale Garden Houses' at 23.1; Status 30 holds the longest entry in Statuses, 'FOR BUILDING CONTROL' (29.8). A three-scale label (32.6) grows its cell rather than being cut. On A3 landscape that leaves the title 104 mm. A config with no Flex row at all shares the spare room in proportion to WidthMm, which is exactly the old behaviour."
/LayoutEditor__TitleBlock__Config/LayoutEditor__TitleBlock__Rows	value	[{"Key": "Client", "Label": "Client", "WidthMm": 36}, {"Key": "SiteAddress", "Label": "Site Address", "WidthMm": 70}, {"Key": "Title", "Label": "Drawing Title", "WidthMm": 60, "Flex": 1}, {"Key": "DocumentId", "Label": "Document ID", "WidthMm": 24}, {"Key": "Revision", "Label": "Rev", "WidthMm": 28, "ValuePrefix": "Revision"}, {"Key": "Scale", "Label": "Scale", "WidthMm": 28}, {"Key": "Date", "Label": "Date", "WidthMm": 28}, {"Key": "DrawnBy", "Label": "Drawn By", "WidthMm": 28}, {"Key": "Status", "Label": "Status", "WidthMm": 30}]	[{"Key": "Client", "Label": "Client", "WidthMm": 36}, {"Key": "SiteAddress", "Label": "Site Address", "WidthMm": 70}, {"Key": "Title", "Label": "Drawing Title", "WidthMm": 60, "Flex": 1}, {"Key": "DrawingNumber", "Label": "Drawing No.", "WidthMm": 24}, {"Key": "Revision", "Label": "Rev", "WidthMm": 28}, {"Key": "Scale", "Label": "Scale", "WidthMm": 28}, {"Key": "Date", "Label": "Date", "WidthMm": 28}, {"Key": "DrawnBy", "Label": "Drawn By", "WidthMm": 28}, {"Key": "Status", "Label": "Status", "WidthMm": 30}]
/LayoutEditor__TitleBlock__Config/LayoutEditor__TitleBlock__ValuePrefixNote	TV-only	"A row's ValuePrefix is printed in front of its value, with a space, whenever there is a value to print. It is how the Rev cell reads 'Revision A' rather than a lone letter - Adam, 21-Sep-2026: 'it looks a bit silly with just a letter in'. It is PRINTED, never stored: the sheet still holds 'A', so the Drawing Register's column, the Sheet panel's box and the PDF file name's {revision} token (RevA) are all unchanged. A value that already starts with the prefix or a word it begins with ('Rev B', 'Revision B') keeps only the letter, so it can never print 'Revision Rev B'. An empty value prints nothing, prefix included. A prefix never costs another cell its text: on a strip too narrow for every value whole (A4 portrait) the builder solves it again with the bare values, and the cell prints 'A'."	null
/LayoutEditor__TitleBlock__Config/LayoutEditor__TitleBlock__RowWidthFactorByPaperNote	TV-only	"Every row EXCEPT the Flex ones (the Drawing Title) is this much wider on the paper named - Adam, 21-Sep-2026: on A2 and A1 give the site address and each box on the right '20% more space', the drawing title excepted. Paper sizes not listed use the rows as they are. THE FIFTH IS ON WHAT THE CELL PRINTS AT, not on its WidthMm: RB05's address, 'West Beacon Farm, Deans Lane, Woodhouse Eaves, Leicestershire, LE12 8TE', had already grown its 70 mm cell to 84 to fit, and a fifth on the 70 would have been 84 again - no air at all for the one cell Adam pointed at; it is 100.8 now. THE EXTRA IS PAID ONLY OUT OF THE DRAWING TITLE'S SPARE ROOM, never out of its text: the cells take their fifth only while the strip still has room once every cell - the title included - has the wider of its WidthMm and its text; where it cannot afford all of it (A2 portrait, whose strip is A3 landscape's) every cell gets the same smaller share, down to none. On A2 landscape the fields are left 488 mm between the logo and the QR cell: 272 mm of fixed rows become 326.4, and the title keeps 161.6 of its 216. The logo cell and the QR cell are not rows and do not grow - the QR cell's width is measured to set its note in two even lines. The arithmetic is Na__LeTitleCells__Widen."	null
/LayoutEditor__TitleBlock__Config/LayoutEditor__TitleBlock__RowWidthFactorByPaper	TV-only	{"A2": 1.2, "A1": 1.2}	null
/LayoutEditor__TitleBlock__Config/LayoutEditor__TitleBlock__StatusesNote	value	"What a drawing is issued for: the last cell of the strip, chosen from the Status box in the Sheet panel or on the drawing's row in the Drawing Register. Held per sheet (Sheet__Fields__Status), because a pack is rarely all one thing - one sheet is superseded while the rest go to tender. Listed in the order a job moves through them, which is the order both boxes offer. Add, remove or reword entries here and both boxes follow; a sheet carrying a status that has since left this list keeps it and still shows it. The Status cell is 30 mm, so an entry wider than 'FOR BUILDING CONTROL' borrows room from the Drawing Title - 'FOR BUILDING REGULATIONS' measures 33.1."	"What a drawing is issued for: the last cell of the strip, chosen from the Status box in the Sheet panel. Held per sheet (Sheet__Fields__Status), because a pack is rarely all one thing - one sheet is superseded while the rest go to tender. Listed in the order a job moves through them, which is the order the box offers. Add, remove or reword entries here and the box follows; a sheet carrying a status that has since left this list keeps it and still shows it. The Status cell is 30 mm, so an entry wider than 'FOR BUILDING CONTROL' borrows room from the Drawing Title. The list is TrueVision3D's, where its Drawing Register offers it on every row as well; this app has no register."
/LayoutEditor__TitleBlock__Config/LayoutEditor__TitleBlock__QrCellNote	TV-only	"THE RIGHT-HAND END OF THE STRIP IS THE PROJECT'S QR CODE AND A NOTE SAYING WHAT SCANNING IT DOES, so anybody holding a drawing can point a phone at it and be standing in the 3D model. It mirrors the logo cell at the left: an absolute width in paper millimetres off the end of the strip, the same on every paper, with the Rows solved across what is left between the two - so Status is the last FIELD and this cell stands beyond it, in the sheet's bottom right corner. It is modelled on Lantern Designer's terms cell, and at this strip height it is that cell's size: an 8.79 mm code with 0.61 mm round it. These keys say WHERE the code goes and how its note is set. WHAT it says - the address, the words, the symbol's colours, quiet zone and smallest readable module - belongs to the Project QR Code system: 02__Src__AppModules/53__Feature__ProjectQrCode/Na__ProjectQr__Config__.json. The code needs no size here: it is the strip's HeightMm less the quiet zone it is owed, so it follows the strip. With no project on the address bar, or with that system switched off, there is no cell and the fields keep the whole strip."	null
/LayoutEditor__TitleBlock__Config/LayoutEditor__TitleBlock__QrCellEnabled	TV-only	true	null
/LayoutEditor__TitleBlock__Config/LayoutEditor__TitleBlock__QrCellWidthMm	TV-only	56	null
/LayoutEditor__TitleBlock__Config/LayoutEditor__TitleBlock__QrCellWidthMmNote	TV-only	"The whole cell: the note's column, then the code with its clear margin either side. The code and its margins take 10 mm of this, PaddingHMm and TextGapMm another 2.4, which leaves the note a column of 43.6 mm. MEASURED, NOT GUESSED: every width from 42 to 58 was wrapped against the shipped words in Open Sans at three body sizes, and this column is the one that sets the body at 1.5 mm in TWO LINES OF ALMOST EXACTLY EQUAL LENGTH - '...and view the building' over 'in full 3D, and to freely navigate and take a tour.' - flush without any letter spacing to speak of (0.004 mm). A millimetre either side wraps the same words into one long line and one short, or three with a widow, so re-measure if the words or BodyFontMm change. Lantern Designer's terms cell is 57. Never drawn narrower than the code and its margins, and never wider than a third of the strip, which is the logo cell's own cap."	null
/LayoutEditor__TitleBlock__Config/LayoutEditor__TitleBlock__QrCellTextGapMm	TV-only	1	null
/LayoutEditor__TitleBlock__Config/LayoutEditor__TitleBlock__QrCellTextGapMmNote	TV-only	"The note stops this far short of the code's quiet zone. The zone alone is 0.61 mm, and a line of type ending that close to the symbol reads as touching it."	null
/LayoutEditor__TitleBlock__Config/LayoutEditor__TitleBlock__QrCellNoteMinFieldRoomMm	TV-only	250	null
/LayoutEditor__TitleBlock__Config/LayoutEditor__TitleBlock__QrCellNoteMinFieldRoomMmNote	TV-only	"ON NARROW PAPER THE NOTE GOES BEFORE ANY FIELD IS CUT. If the whole cell would leave the fields less strip than this, the cell is drawn COMPACT instead: the code at its full size with Note CompactText turned up its left side, 12.4 mm wide in place of 56. Measured in Open Sans on 19-Sep-2026, a sheet's fields need from 193 mm at their text (PS01 with a short title) to 299 mm (a long client, three scales and an 84 character title). So 250 keeps the note on A3 landscape and everything larger - the fields are left 314 mm, which holds the worst of those whole - and drops it on A4 landscape and A3 portrait, where the whole cell would leave 191 mm and the compact one leaves 235; and on A4 portrait. The test is the paper's width and nothing on the sheet, on purpose: every sheet of one size in a pack is then drawn the same way, whatever its title runs to. 0 never goes compact."	null
/LayoutEditor__TitleBlock__Config/LayoutEditor__TitleBlock__QrCellCompactFontMm	TV-only	1.6	null
/LayoutEditor__TitleBlock__Config/LayoutEditor__TitleBlock__QrCellCompactMinFontMm	TV-only	1.2	null
/LayoutEditor__TitleBlock__Config/LayoutEditor__TitleBlock__QrCellCompactPaddingMm	TV-only	1.2	null
/LayoutEditor__TitleBlock__Config/LayoutEditor__TitleBlock__QrCellCompactNote	TV-only	"The compact caption is bold, takes the labels' uppercasing and tracking, and reads upward, its baseline on the edge of the code's quiet zone and its capitals standing clear of it to the left. CompactPaddingMm is the clear paper between those capitals and the cell's rule. It has only the code's own 8.79 mm to run along: a caption that will not fit at CompactFontMm is set smaller rather than cut, because half an instruction is no instruction, and one that would have to go under CompactMinFontMm is left out altogether with the band it would have stood in - a code with no caption is still a code, and print too small to read is not a caption. The shipped '3D MODEL' fits at the full 1.6."	null
/LayoutEditor__TitleBlock__Config/LayoutEditor__TitleBlock__QrCellPaddingHMm	TV-only	1.4	null
/LayoutEditor__TitleBlock__Config/LayoutEditor__TitleBlock__QrCellPaddingVMm	TV-only	1.1	null
/LayoutEditor__TitleBlock__Config/LayoutEditor__TitleBlock__QrCellPaddingNote	TV-only	"PaddingHMm is the fields' own FieldPaddingHMm, so the note starts where a field's label would. PaddingVMm is Lantern Designer's: the most the note's block may fill of the strip's height before it loses a line."	null
/LayoutEditor__TitleBlock__Config/LayoutEditor__TitleBlock__QrCellHeadingFontMm	TV-only	2	null
/LayoutEditor__TitleBlock__Config/LayoutEditor__TitleBlock__QrCellBodyFontMm	TV-only	1.5	null
/LayoutEditor__TitleBlock__Config/LayoutEditor__TitleBlock__QrCellFontNote	TV-only	"Lantern Designer's heading size, bold, with the labels' uppercasing and tracking, so the cell reads as part of the title block rather than as a sticker on it. The body is regular and muted, and 1.5 where Lantern's is 1.3: it is a lowercase sentence that a client has to be able to read, and two lines of it leave the strip room to spare. It inverts the caption-over-value rhythm of the field cells on purpose - those caption a value the reader is looking for, this one tells them to do something, so the instruction leads."	null
/LayoutEditor__TitleBlock__Config/LayoutEditor__TitleBlock__QrCellLineSpacing	TV-only	1.22	null
/LayoutEditor__TitleBlock__Config/LayoutEditor__TitleBlock__QrCellHeadingGapMm	TV-only	0.3	null
/LayoutEditor__TitleBlock__Config/LayoutEditor__TitleBlock__QrCellBodyMaxLines	TV-only	4	null
/LayoutEditor__TitleBlock__Config/LayoutEditor__TitleBlock__QrCellBodyMaxLinesNote	TV-only	"The most body lines ever set; fewer when the strip is too low for them (at 10 mm, three fit under the heading). Copy that will not fit ends in an ellipsis rather than overflowing the strip, which on a title block would read as a printing fault. The heading and body are centred in the strip's height as one block, measured from the top of the heading's capitals to the last baseline, so it sits level with the code beside it."	null
/LayoutEditor__TitleBlock__Config/LayoutEditor__TitleBlock__QrCellBodyJustify	TV-only	true	null
/LayoutEditor__TitleBlock__Config/LayoutEditor__TitleBlock__QrCellJustifyMaxTrackingMm	TV-only	0.1	null
/LayoutEditor__TitleBlock__Config/LayoutEditor__TitleBlock__QrCellJustifyNote	TV-only	"Every body line but the last is stretched to the column by letter spacing, so the note reads as a block with a flush right edge beside a square code (Lantern Designer's terms cell does the same). ALL OF THEM OR NONE: if any line would need more than JustifyMaxTrackingMm after every character, the whole block is left at its natural spacing - one flush line over one ragged one reads as a fault, where a wholly ragged block reads as a choice."	null
/LayoutEditor__TitleBlock__Config/LayoutEditor__TitleBlock__ClassicScanAssets/A3	value	"./01__AppAssets__TrueVision/06__AppAssets__TitleBlocks/TitleBlock__ClassicScan__A3__.png"	"./02__Src__AppModules/35__System__PageLayoutSystem/PageLayoutSystem__TitleBlock__A3__.png"
/LayoutEditor__TitleBlock__Config/LayoutEditor__TitleBlock__ClassicScanAssets/A4	value	"./01__AppAssets__TrueVision/06__AppAssets__TitleBlocks/TitleBlock__ClassicScan__A3__.png"	"./02__Src__AppModules/35__System__PageLayoutSystem/PageLayoutSystem__TitleBlock__A3__.png"
/LayoutEditor__TitleBlock__Config/LayoutEditor__TitleBlock__ClassicScanAssets/A2	value	"./01__AppAssets__TrueVision/06__AppAssets__TitleBlocks/TitleBlock__ClassicScan__A3__.png"	"./02__Src__AppModules/35__System__PageLayoutSystem/PageLayoutSystem__TitleBlock__A3__.png"
/LayoutEditor__TitleBlock__Config/LayoutEditor__TitleBlock__ClassicScanAssets/A1	value	"./01__AppAssets__TrueVision/06__AppAssets__TitleBlocks/TitleBlock__ClassicScan__A3__.png"	"./02__Src__AppModules/35__System__PageLayoutSystem/PageLayoutSystem__TitleBlock__A3__.png"
/LayoutEditor__TitleBlock__Config/LayoutEditor__TitleBlock__ClassicFieldAnchors/A3/DocumentId	TV-only	{"X": 330, "Y": 289, "FontMm": 2.2, "Align": "left"}	null
/LayoutEditor__TitleBlock__Config/LayoutEditor__TitleBlock__ClassicFieldAnchors/A3/DrawingNumber	VV-only	null	{"X": 330, "Y": 289, "FontMm": 2.4, "Align": "left"}
/LayoutEditor__Scales__Config/LayoutEditor__Scales__Description	value	"Locked scales for 2D viewports (D27). A viewport quotes one of these; the Viewport Settings panel shows one toggle button per scale, finest first (1:20, 1:50, 1:100, 1:200 - the last added 21-Sep-2026, for a whole building or a street on one sheet). The fallback list in Na__LayoutEditor__ConfigState__SheetSetup__.js mirrors this one: a saved scale that is on neither list is coerced to DefaultScaleDenominator on load, so the two must agree. A site plan viewport quotes one of SitePlanScaleDenominators instead. THE SITE PLAN LIST IS THE ONLY ONE THAT COUNTS: SitePlanExportConfig.SupportedScaleDenominators in the Tags SSOT is documentation and is read by nothing. A denominator of 500 or finer is a BLOCK PLAN, which draws the full fill / pattern / linework composite; coarser than 500 is a LOCATION PLAN, which draws only the proposed fills, no hatch patterns, and greyscales every line that is not a boundary or a proposal. THE SCALE ONLY DECIDES A VIEWPORT THAT HAS NOT BEEN TOLD: Viewport__SitePlan.SitePlan__PlanType overrules it, so a large site CAN be drawn as a block plan at 1:1250 and keep its patterns. The rule itself lives in Na__LayoutEditor__SitePlanComposites__Config__.json, which is what the app reads; the sentence here is the note beside the scales it applies to."	"Locked scales for 2D viewports (D27). A viewport quotes one of these; the three-way toggle on the Viewport Settings panel steps through them."
/LayoutEditor__Scales__Config/LayoutEditor__Scales__AvailableScaleDenominators	value	[20, 50, 100, 200]	[20, 50, 100]
/LayoutEditor__Scales__Config/LayoutEditor__Scales__SitePlanScaleDenominators	TV-only	[100, 200, 500, 1250, 2500, 5000]	null
/LayoutEditor__Scales__Config/LayoutEditor__Scales__SitePlanDefaultScaleDenominator	TV-only	500	null
/LayoutEditor__Scales__Config/LayoutEditor__Scales__SheetLabelPaperPrefixNote	value	"Prefixed to the paper size's Label, so A2 prints as 'ISO A2'. A Label that already opens with the prefix is left alone, so naming a size 'ISO A2' in Sheet PaperSizes never doubles it up. Set to an empty string for a bare 'A2'."	"Prefixed to the paper size's Label, so A2 prints as 'ISO A2'. A Label that already opens with the prefix is left alone. Set to an empty string for a bare 'A2'."
/LayoutEditor__Viewport__Config/LayoutEditor__Viewport__DefaultStylesNote	value	"What a new viewport starts with. Projected Linework is off so laying out a sheet never triggers a projection; switch it on per viewport when the layout is settled, the way a raster viewport becomes a vector one in SketchUp LayOut. The raster underlay renders either way. Depth Fog is on and means 'follow the drawing': a drawing's own fog is switched off until its author switches it on in Dev Tools > Elevations, so no viewport is fogged until then, and unticking it shows one viewport of a fogged drawing bare."	"What a new viewport starts with. Projected Linework is off so laying out a sheet never triggers a projection; switch it on per viewport when the layout is settled, the way a raster viewport becomes a vector one in SketchUp LayOut. The raster underlay renders either way."
/LayoutEditor__Viewport__Config/LayoutEditor__Viewport__DefaultStyles/DepthFog	TV-only	true	null
/LayoutEditor__Viewport__Config/LayoutEditor__Viewport__RotateNote	TV-only	"ROTATION (Viewport__RotationDeg, degrees clockwise). A selected viewport shows a round grip on a short stem off the middle of its top edge; drag it to turn the whole viewport - frame, drawing or picture, frame line and caption - about the middle of its frame, or type an angle in the Viewport panel's Rotation box. Shift holds a drag to RotateStepDeg steps counted from level (90: a quarter turn); without Shift a drag settles on a right angle once within RotateDetentDeg of one. RotateGripOffsetPx is how far off the top edge the grip stands on screen, at any zoom. Right-click a viewport for Rotate 90 degrees either way and Reset rotation. Nothing is rendered again for a turn - the picture and the linework are laid out in the frame's own axes and the frame is turned on the paper, and the PDF prints it turned. The key is written only while the viewport is turned, so a level viewport saves exactly as before."	null
/LayoutEditor__Viewport__Config/LayoutEditor__Viewport__RotateStepDeg	TV-only	90	null
/LayoutEditor__Viewport__Config/LayoutEditor__Viewport__RotateDetentDeg	TV-only	2	null
/LayoutEditor__Viewport__Config/LayoutEditor__Viewport__RotateGripOffsetPx	TV-only	22	null
/LayoutEditor__VectorQuality__Config	TV-only	{"LayoutEditor__VectorQuality__Description": "The toolbar's Vector control (Na__LayoutEditor__VectorQuality__): how a 2D viewport's linework is drawn while a sheet is worked on. High never holds the drawing: every line is drawn as vectors every time, the cleanest, and a heavy plan is slow to dimension and to drag things over. Medium holds the drawing as a compositor layer of its own only while the sheet is being redrawn, and lets it go after ReleaseAfterMs of quiet, when it is drawn clean again: fast to edit, as clean as High at rest. Low holds it all the time: no pause as an edit starts or ends and a smoother wheel zoom, always a touch soft. Nothing is rendered again when the level changes, nothing is saved, and the PDF never sees it. DefaultLevel is what a browser that has never chosen starts on.", "LayoutEditor__VectorQuality__DefaultLevel": "medium", "LayoutEditor__VectorQuality__ReleaseAfterMs": 1200}	null
/LayoutEditor__Dimensions__Config/LayoutEditor__Dimensions__Description	value	"Sheet dimensions (D32) drawn in paper millimetres. A dimension placed over a 2D viewport reports paper length times the viewport's scale denominator, so it measures the model. MEASURE AT SCALE (DefaultAtScale, the first control of the Dimensions panel, on by default): off every viewport a dimension reports the paper length times the sheet's scale - the scale its 2D viewports share, the biggest drawing's when they differ, the Scales default when it has none - so vectors drawn at scale measure true; switched off, a dimension reports paper millimetres wherever it is. Lengths typed into the Measurements box while one is placed are real sizes at the scale it will read. The record keeps the switch as Dimension__AtScale (true or false); a record from before it has no key and reports what it always did: the model on a viewport, the paper elsewhere. Precision is decimal places; the units suffix follows the figure. ORTHO: hold Shift while the line is being placed (after the second click) and the dimension runs horizontal or vertical whatever its two points are - drag the line above or below them for the x distance between them, beside them for the y. Release Shift and it is aligned again. The record keeps this as Dimension__Orientation ('aligned', 'horizontal' or 'vertical'; a record from before it is aligned). The offset is measured from the start point, and an ortho line stays where it was put while a grip re-picks either point. SIZE MM (TickLengthMm, MinTickLengthMm, MaxTickLengthMm): how large the ticks, arrows or dots at each end are, in paper millimetres. The Dimensions panel's Size mm row, under Ends, sets it per dimension; the record keeps it as Dimension__TickLengthMm. A record from before it has no key and draws at TickLengthMm. TEXT LEADER: click and drag the value off the line and a circular arc runs from the edge of the text back to the centre of the dimension line, tangent to the line there. Dimension__TextDXMm and Dimension__TextDYMm store the paper offset from where the value would have sat; dragging it back within TextLeaderMinMm snaps it home and both keys go. TextLeaderGapMm is the clear paper between the text box and the start of the arc. A record from before it has no keys and the value sits on the line as it always did."	"Sheet dimensions (D32) drawn in paper millimetres. A dimension placed over a 2D viewport reports paper length times the viewport's scale denominator, so it measures the model; elsewhere it reports paper millimetres. Precision is decimal places; the units suffix follows the figure. ORTHO: hold Shift while the line is being placed (after the second click) and the dimension runs horizontal or vertical whatever its two points are - drag the line above or below them for the x distance between them, beside them for the y. Release Shift and it is aligned again. The record keeps this as Dimension__Orientation ('aligned', 'horizontal' or 'vertical'; a record from before it is aligned). The offset is measured from the start point, and an ortho line stays where it was put while a grip re-picks either point. SIZE MM (TickLengthMm, MinTickLengthMm, MaxTickLengthMm): how large the ticks, arrows or dots at each end are, in paper millimetres. The Dimensions panel's Size mm row, under Ends, sets it per dimension; the record keeps it as Dimension__TickLengthMm. A record from before it has no key and draws at TickLengthMm."
/LayoutEditor__Dimensions__Config/LayoutEditor__Dimensions__DefaultExtensionMm	TV-only	null	null
/LayoutEditor__Dimensions__Config/LayoutEditor__Dimensions__ExtensionNote	TV-only	"DefaultExtensionMm is how far a new dimension's extension lines run back from the dimension line towards the points it measures, in paper millimetres; null draws the full lines. The Dimensions panel's Ext. lines row sets a start and an end length for each dimension, linked by the padlock between them, and the eyedropper copies them. The points themselves never move: a dimension still measures from them and they are still snap points."	null
/LayoutEditor__Dimensions__Config/LayoutEditor__Dimensions__DefaultAtScale	TV-only	true	null
/LayoutEditor__Dimensions__Config/LayoutEditor__Dimensions__DefaultRoundUp	TV-only	false	null
/LayoutEditor__Dimensions__Config/LayoutEditor__Dimensions__RoundUpStepMm	TV-only	5	null
/LayoutEditor__Dimensions__Config/LayoutEditor__Dimensions__RoundUpMarker	TV-only	"*"	null
/LayoutEditor__Dimensions__Config/LayoutEditor__Dimensions__RoundUpNote	TV-only	"ROUND UP (the Dimensions panel's Round up to 5 mm, under Units; OFF by default - DefaultRoundUp). On, a dimension's figure is raised to the next multiple of RoundUpStepMm at or above it - 6,413 reads 6,415, 6,416 reads 6,420 - and RoundUpMarker is printed straight after the figure (6,415* or 8,325* mm), so a rounded size is always marked. It rounds the figure the dimension would print at its own Decimals, so a size that reads exactly 2,810 stays 2,810 and carries no marker: only a figure the rounding actually raised is marked. An override is printed as typed, never rounded. The panel's Measures line keeps showing the exact figure. The record keeps the switch as Dimension__RoundUp, written only while it is on; a record from before it has no key and prints exactly as it did. RoundUpStepMm 0 rounds nothing."	null
/LayoutEditor__Panels__Config/LayoutEditor__Panels__FocusNote	value	"AccordionSections are the sections that behave as one group. FocusSectionOnSelect: selecting something on the sheet, or picking a style with the eyedropper, opens that kind's section and folds the rest of the group, so what is on show is always what is being edited - a room opens Floor Areas, a site plan viewport opens Patterns, and any other viewport folds the whole group, its own section not being in it. Nothing selected leaves the folds as they are. Several can still be opened by hand to compare them; the next selection tidies them away again. CollapseOthersOnOpen goes further and folds the others the moment one is opened by hand."	"AccordionSections are the markup sections that behave as one group. FocusSectionOnSelect: selecting something on the sheet, or picking a style with the eyedropper, opens that kind's section and folds the rest of the group, so what is on show is always what is being edited. Several can still be opened by hand to compare them; the next selection tidies them away again. CollapseOthersOnOpen goes further and folds the others the moment one is opened by hand."
/LayoutEditor__Panels__Config/LayoutEditor__Panels__AccordionSections	value	["text", "dimensions", "shapes", "images", "leaders", "floor-areas", "patterns"]	["text", "dimensions", "shapes", "leaders"]
/LayoutEditor__Navigation__Config/LayoutEditor__Navigation__AuthoringZoomMaxNote	TV-only	"HOW CLOSE, AND FOR WHOM - Adam, 21-Sep-2026: 'I can't get close enough into things... make an exception for the local host version'. The viewers do not need to zoom that far, and the live web should not have to keep drawing huge zooms. ZoomMax is a reader's ceiling: the web document viewer's, and any session's that may not author. AuthoringZoomMax is the ceiling wherever authoring is on - localhost, or a device unlocked with ?authoring=on - and is never taken below ZoomMax. Zoom 1 puts ScreenPixelsPerMm (3.2) screen pixels on a paper millimetre, so 8 is 25.6 px to the millimetre and 64 is 205: a 20 mm frame member drawn at 1:100 is 5 px across at 8 and 41 px at 64. Lines keep their printed weight as the sheet grows, as they do in LayOut; Draft mode (K) draws them one pixel wide at any zoom."	null
/LayoutEditor__Navigation__Config/LayoutEditor__Navigation__AuthoringZoomMax	TV-only	64	null
/LayoutEditor__Navigation__Config/LayoutEditor__Navigation__ZoomSettleNote	TV-only	"ZOOM NOW, REDRAW WHEN IT RESTS - Adam, 21-Sep-2026: 'there should be a debounce, so it waits a little bit after you stop zooming before it tries to redraw'. A wheel or pinch zoom only changes the paper's scale while it is under way; ZoomSettleMs after the last step the zoom 'settles' once, and everything that follows the zoom happens then, together: the selection handles and grips are counter-scaled again, the notes margin grip, group boxes, eyedropper boxes and the Measurements box are placed, Draft mode's hairlines are re-solved - and the sheet is drawn again, crisp, at its new zoom. Wheel steps are also gathered into one per animation frame. A single zoom (Fit, 100%, a resize) settles at once. 100 to 3000; LayOut's own Pan and Zoom Redraw Delay defaults to 300."	null
/LayoutEditor__Navigation__Config/LayoutEditor__Navigation__ZoomSettleMs	TV-only	350	null
/LayoutEditor__Navigation__Config/LayoutEditor__Navigation__HoldPaperWhileZoomingNote	TV-only	"While a zoom gesture is under way the paper is held as one composited layer (will-change: transform), so each step scales the picture already drawn instead of rasterising every line, fill, hatch and picture on the sheet again; it is drawn crisp once, when the zoom settles. Measured on RB05's ground floor plan in headless Chrome: 76-110 ms a zoom step without it, 17-20 ms (50-60 frames a second) with it, zooming in and out alike. The sheet is soft while the wheel turns and sharp a moment after. False rasterises every step, as before."	null
/LayoutEditor__Navigation__Config/LayoutEditor__Navigation__HoldPaperWhileZooming	TV-only	true	null
/LayoutEditor__WebViewer__Config/LayoutEditor__WebViewer__Description	value	"The read-only document viewer the live web build shows in place of the editor. Where authoring is off - anywhere but localhost or an explicitly unlocked device - the drawing tabs, panel columns, toolbar and measurements box are never built, and the drawings and the project specification are shown as one cycled list of documents with a bar at the top and a dock at the bottom. Enabled false hands the web build back the read-only editor it had before this existed. ShowSpecification false leaves the specification out of the list entirely. SwipeMinPx is how far a finger has to travel PAST the edge of the paper before the document changes, so panning a zoomed drawing never turns the page by accident. DoubleTapZoomFactor is how much closer a double tap on a fitted sheet brings it; a double tap on an already magnified sheet fits it again."	"The read-only document viewer the live web build shows in place of the editor. Where authoring is off - anywhere but localhost or an explicitly unlocked device - the panel columns, toolbar and measurements box are never built, and the drawings and the project specification are read as one cycled list of documents with a dock at the bottom of the screen. The tab strip is unchanged: it is the same strip the editor has, scrolling sideways with an arrow at each end once the tabs do not all fit. Enabled false hands the web build back the read-only editor it had before this existed. ShowSpecification false leaves the specification out of the cycle. SwipeMinPx is how far a finger has to travel PAST the edge of the paper before the document changes, so panning a zoomed drawing never turns the page by accident. DoubleTapZoomFactor is how much closer a double tap on a fitted sheet brings it; a double tap on an already magnified sheet fits it again."
/LayoutEditor__Snapping__Config/LayoutEditor__Snapping__Description	value	"Object snaps for placing and dragging dimensions and vectors. Two sources: the projected linework inside 2D viewports, and - with SheetObjects on - the sheet's own vectors and dimensions, so a new line can start on the corner of the last one and a polygon can close exactly on its first point. A dragged vector snaps too: the grab point and every vertex are offered, and the nearest snap moves the whole shape. RadiusPx is the pick radius on screen at any zoom. Endpoints and midpoints are candidates; an endpoint wins a near tie, and the sheet's own markup wins a tie with the linework because it sits on top. The item being dragged never offers its own moving point. HiddenLines adds the hidden class as a source. The toggle (toolbar button or the Snap__Toggle key binding) is remembered per browser. MARKER COLOURS say which tool is snapping: blue for vertices (the Draw and Rectangle tools, vertex grips, and a vector being moved), orange for dimensions (the Dimension tool, its grips and its line inference), purple for viewports (carrying one by a point - the ring, the tracking crosses and the frame outline go purple too). The colours live in Na__LayoutEditor__Styles__Main__.css."	"Object snaps for placing and dragging dimensions and drawing vectors. Two sources: the projected linework inside 2D viewports, and - with SheetObjects on - the sheet's own vectors and dimensions, so a new line can start on the corner of the last one and a polygon can close exactly on its first point. A dragged vector snaps too: the grab point and every vertex are offered, and the nearest snap moves the whole shape. RadiusPx is the pick radius on screen at any zoom. Endpoints and midpoints are candidates; an endpoint wins a near tie, and the sheet's own markup wins a tie with the linework because it sits on top. The item being dragged never offers its own moving point. HiddenLines adds the hidden class as a source. The toggle (toolbar button or the Snap__Toggle key binding) is remembered per browser. MARKER COLOURS say which tool is snapping: blue for vertices (the Draw and Rectangle tools, vertex grips, and a vector being moved), orange for dimensions (the Dimension tool, its grips and its line inference); purple is the viewport tone, for carrying a viewport by a point once TrueVision's viewport snap move is ported. The colours live in Na__LayoutEditor__Styles__Main__.css."
/LayoutEditor__Snapping__Config/LayoutEditor__Snapping__SheetChrome	TV-only	true	null
/LayoutEditor__Snapping__Config/LayoutEditor__Snapping__SheetChromeNote	TV-only	"The sheet's own paper as snap points (Adam, 21-Sep-2026: 'make points on the title block inferencible and snappable', to start construction lines from): the border's four corners and the middle of each side, the title block strip's corners, every cell divider's two ends and middle, and the notes margin's divider where it meets the border and the title block. A line drawn from the corner of the title block starts exactly there. Endpoints and Midpoints above still decide which kinds are offered; the classic scanned title block has no lines to offer."	null
/LayoutEditor__Snapping__Config/LayoutEditor__Snapping__ViewportCarryNote	TV-only	"Viewports move by a point, the way a block moves in CAD. With the Select tool, hover a 2D viewport's linework: the snap marker shows the point a press would carry it by. Drag, and that point snaps to every OTHER viewport's endpoints and midpoints (and the sheet's own vectors and dimension points). Rest the cursor on another drawing's point for AcquireDwellMs - before the drag or during it - and it is acquired as a tracking point (a small cross): the move then locks level with it or plumb below it, with a dashed guide, which is how two elevations line up side by side without being laid over each other. AcquireMax is how many are held at once, oldest dropped first; they are used up by the move they were acquired for, and Escape clears them. Shift holds the move to the nearer axis. ViewportCarry off makes every press move a viewport the plain way; ViewportTracking off keeps the point snap and drops the tracking. Needs Projected Linework on for the viewport being carried, since the points come from it. The snapping toggle switches all of it off."	null
/LayoutEditor__Snapping__Config/LayoutEditor__Snapping__ViewportCarry	TV-only	true	null
/LayoutEditor__Snapping__Config/LayoutEditor__Snapping__ViewportTracking	TV-only	true	null
/LayoutEditor__Snapping__Config/LayoutEditor__Snapping__AcquireDwellMs	TV-only	400	null
/LayoutEditor__Snapping__Config/LayoutEditor__Snapping__AcquireMax	TV-only	3	null
/LayoutEditor__Snapping__Config/LayoutEditor__Snapping__TrackMarkerSizePx	TV-only	11	null
/LayoutEditor__ModelSource__Config	TV-only	{"LayoutEditor__ModelSource__Description": "Which design phase a viewport draws - the Model Source row of the Viewport panel, and the Model items on a viewport's right-click menu. The choices are the project's modelGroups (the existing building, a scheme, the next scheme); a viewport that names none draws the Project Default, which is the phase the 3D view opens with: the newest group whose label does not say 'existing'. Everything else stays the viewport's own - scene, cut, window, scale, render composites, model layers, edge styles - so a copy of a viewport switched to another phase is the same view of that model: an existing and a proposed elevation that line up exactly. A phase the 3D view does not hold is loaded off-scene the first time a viewport asks for it (the frame says so while it loads), with the same loader and materials as the 3D view, and goes into the scene only for the length of that viewport's render; the 3D view and the Design Phase menu are never touched. MaxCachedPhases is how many such phases stay loaded at once besides the one in the 3D view; beyond it the least recently drawn is let go and loads again when next wanted. The record key is Viewport__ModelSourceId, holding the group's groupId (its folder name), or null for the Project Default.", "LayoutEditor__ModelSource__MaxCachedPhases": 3}	null
/LayoutEditor__PlanDoors__Config	TV-only	{"LayoutEditor__PlanDoors__Description": "Doors on 2D viewports: open on plans, shut on elevations and sections. With OpenOnPlans on, a plan draws every door OPEN - in its linework, its base image and the PDF - whatever the 3D view shows, and the model's doors are put straight back afterwards. Each door opens exactly as a click in the 3D view opens it (the ADR / MOD / ROT naming contract): hinged leaves swing, bifolds fold, sliders slide. DrawSwings adds the arc each open hinged leaf's far edge sweeps, at the leaf's floor level and in the Doors layer's line style, one segment per SwingStepDegrees of swing; bifolds and sliders have no arc. With ClickToToggle on, a click on a door in the SELECTED plan viewport closes it and another click opens it again; a press that moves still moves the viewport, and each click waits ClickDelayMs so the two clicks of a double click (entering the content) leave the door alone. The right-click menu offers Close door or Open door for the door under the click, and Open all doors, whatever ClickToToggle says. A lock holds a viewport's frame, not what it draws, so the doors of a locked plan still close and open. Each change is one undo step. The record key is Viewport__ClosedDoors: the door keys drawn shut - an ADR name, or ADR::MOD for one leaf of an exterior double door, whose leaves open one at a time. With ShutOnElevations on, an elevation or section draws every door SHUT - in its linework, its base image and the PDF - whatever the 3D view shows, and has no door to click; off, it draws the doors as the model holds them. 3D viewports always draw the doors as the model holds them.", "LayoutEditor__PlanDoors__OpenOnPlans": true, "LayoutEditor__PlanDoors__ShutOnElevations": true, "LayoutEditor__PlanDoors__DrawSwings": true, "LayoutEditor__PlanDoors__SwingStepDegrees": 5, "LayoutEditor__PlanDoors__ClickToToggle": true, "LayoutEditor__PlanDoors__ClickDelayMs": 300, "LayoutEditor__PlanDoors__HideSwingsNote": "Hide swings, beside Open all on the Viewport panel's Doors row, leaves every door swing off ONE plan viewport - the arcs traced from its open doors AND the SketchUp door swing linework named in SwingCategoryKeys - in its linework, its base image and the PDF. The doors themselves still draw open and still close with a click. It is off by default, except on a plan whose storey is listed in HideSwingsOnStoreys: a roof plan's cut stands above the top storey, so that storey's doors are drawn open and their swings were drawn over the roof. The storey is the plan's own (Dev Tools > Floor Plans > Storey), or the guess from its name and cut height when nobody has picked one. The record key is Viewport__HideSwings, written only once somebody ticks or unticks the box, either way; absent, the storey decides, so an existing roof plan viewport hides its swings without being told and one whose plan stops being a roof plan draws them again.", "LayoutEditor__PlanDoors__HideSwingsOnStoreys": ["roof"], "LayoutEditor__PlanDoors__SwingCategoryKeys": ["TrueVision__Linetype__DoorSwings"]}	null
/LayoutEditor__Selection__Config/LayoutEditor__Selection__Description	value	"How a press finds things on the paper. HitToleranceMm is paper millimetres at 100 percent (it shrinks as you zoom in); a drag starts past DragThresholdMm; grips are drawn GripSizePx square on screen at any zoom, and a picked one GripSizePickedPx so the points the next drag will carry read at a glance. A drag that starts where there is nothing to move - bare paper, the grey stage, a locked viewport - draws a selection box once it has travelled BoxStartPx on screen: dragged to the right a window (blue, solid edge) that takes only what it wholly encloses, dragged to the left a crossing (green, dashed edge) that takes anything it touches as well. BoxBorderPx is the box's edge weight on screen. BoxPreview outlines what the box would take while it is dragged, BoxPreviewPadMm clear of each item. The colours are in Na__LayoutEditor__Styles__Main__.css and the modifiers in Na__Hotkeys__DrawingTabs__.json."	"How a press finds things on the paper. HitToleranceMm is paper millimetres at 100 percent (it shrinks as you zoom in); a drag starts past DragThresholdMm; grips are drawn GripSizePx square on screen at any zoom. A drag that starts where there is nothing to move - bare paper, the grey stage, a locked viewport - draws a selection box once it has travelled BoxStartPx on screen: dragged to the right a window (blue, solid edge) that takes only what it wholly encloses, dragged to the left a crossing (green, dashed edge) that takes anything it touches as well. BoxBorderPx is the box's edge weight on screen. BoxPreview outlines what the box would take while it is dragged, BoxPreviewPadMm clear of each item. The colours are in Na__LayoutEditor__Styles__Main__.css and the modifiers in Na__Hotkeys__DrawingTabs__.json."
/LayoutEditor__Selection__Config/LayoutEditor__Selection__PickDragNote	TV-only	"A press that PICKS is a pick first. The press that selects something, and the second press of a double click (one landing within DoubleClickSlopPx on screen and DoubleClickMs of the last, on the same item), has to travel PickDragPx on screen before it moves anything - so a pick with a wobble in it never nudges a note, and a fast double click always steps inside rather than shifting what it landed on. It applies where a double click means something: a whole-object move, a viewport's frame or content, a leader, a dimension's value. A press on something already selected moves at the ordinary DragThresholdMm, and vertices, measured points, crop handles and the rotate grip always do. DoubleClickMs should not be shorter than the operating system's own double click time (500 ms on Windows). PickDragPx 0 turns the longer travel off."	null
/LayoutEditor__Selection__Config/LayoutEditor__Selection__PickDragPx	TV-only	8	null
/LayoutEditor__Selection__Config/LayoutEditor__Selection__DoubleClickMs	TV-only	500	null
/LayoutEditor__Selection__Config/LayoutEditor__Selection__DoubleClickSlopPx	TV-only	6	null
/LayoutEditor__Selection__Config/LayoutEditor__Labels__MeasureOffsetAgain	TV-only	"Type another distance to slide it again."	null
/LayoutEditor__Selection__Config/LayoutEditor__Labels__MeasureNoOffsetSide	TV-only	"Drag the line to one side, then press Enter."	null
/LayoutEditor__Selection__Config/LayoutEditor__Labels__MeasureDimOffsetTitle	TV-only	"Drag the line clear of the drawing, then type how far off it should sit and press Enter. Type another distance to slide it again."	null
/LayoutEditor__EditScope__Config/LayoutEditor__EditScope__Description	value	"Editing inside a container, the way SketchUp works. Double-click (or press Enter on) a group to step inside it, and a vector to step inside that: while a container is open, only what is inside it answers a press, everything else on the sheet fades to FadeOpacity, and a vector's points are shown and can be dragged, boxed and added to. Click anywhere outside to step back out one level; Escape closes every container, drops the selection and puts the tools down. MoveToolRequired is the other half of the same idea: with it on, a whole object is only moved by the Move tool (M), so a stray drag with Select cannot shift a viewport or a note - grips, crop handles and the points of an open vector are still dragged by Select, because they edit an object rather than relocate it. Turn it off to have Select drag things about as it did before. GrabRadiusPx is how near a point of the open container a press has to land to be taken as a grab at it rather than the start of a selection box - screen pixels, so it is exactly as forgiving as the grip looks at any zoom. GripToleranceFactor widens the reach of a grip inside its own container, where nothing else is competing for the press: missing a corner by a pixel and dragging the whole object instead is what made dimensions feel untouchable."	"Editing inside a container, the way SketchUp works. Double-click (or press Enter on) a group to step inside it, and a vector or a dimension to step inside that: while a container is open, only what is inside it answers a press, everything else on the sheet fades to FadeOpacity, and its points are shown and can be dragged, boxed and added to. Click anywhere outside to step back out one level; Escape closes every container, drops the selection and puts the tools down. MoveToolRequired is the other half of the same idea: with it on, a whole object is only moved by the Move tool (M), so a stray drag with Select cannot shift a viewport or a note - grips, crop handles and the points of an open container are still dragged by Select, because they edit an object rather than relocate it. Turn it off to have Select drag things about as it did before. GrabRadiusPx is how near a point of the open container a press has to land to be taken as a grab at it rather than the start of a selection box - screen pixels, so it is exactly as forgiving as the grip looks at any zoom. GripToleranceFactor widens the reach of a grip inside its own container, where nothing else is competing for the press: missing a corner by a pixel and dragging the whole object instead is what made dimensions feel untouchable."
/LayoutEditor__EditScope__Config/LayoutEditor__EditScope__AutoMoveNote	TV-only	"AutoMoveOnSelect is what stops MoveToolRequired being a chore. Selecting a note, a vector, a leader's bubble or a group is nearly always the first half of moving it, so a Select press on one of the AutoMoveKinds picks the Move tool up by itself and the same press can carry on into the drag. Kinds: annotation (text), shape (vectors), leader (its bubble, note or curve - never its endpoint, which re-points it and stays a grip), group (ordinary and parametric alike), and - left out on purpose - dimension and viewport, which still wait for M so a drawing or a measurement is never shifted by a stray drag. A Move that came up by itself goes back to Select by itself: on a press on anything not listed, when the selection empties, and when a double click steps inside a group, a vector or a text. Press M, or the Move button, for a Move that stays. Several selected items pick Move up only when every one of them is a listed kind. Turn AutoMoveOnSelect off to go back to pressing M every time."	null
/LayoutEditor__EditScope__Config/LayoutEditor__EditScope__AutoMoveOnSelect	TV-only	true	null
/LayoutEditor__EditScope__Config/LayoutEditor__EditScope__AutoMoveKinds	TV-only	["annotation", "shape", "leader", "group"]	null
/LayoutEditor__Shapes__Config/LayoutEditor__Shapes__DefaultAtScale	TV-only	true	null
/LayoutEditor__Shapes__Config/LayoutEditor__Shapes__AtScaleNote	TV-only	"Draw at scale - the first control of the Vectors panel, on by default. On, the sizes typed into the Measurements box while the Draw or Rectangle tool is up are real sizes at the drawing's scale: the scale of the 2D viewport under the first point, or the sheet's scale off every viewport (the scale its 2D viewports share, the biggest drawing's when they differ, the Scales default when it has none). 2500 at 1:50 draws 50 mm of paper, and a dimension measuring it at the same scale reads 2500 back. Off, typed sizes are paper millimetres. A setting of the drawing tools, not of a shape: a shape is paper points either way."	null
/LayoutEditor__Leader__Config/LayoutEditor__Leader__NoteTooltip	TV-only	true	null
/LayoutEditor__Leader__Config/LayoutEditor__Leader__NoteTooltipMs	TV-only	500	null
/LayoutEditor__Leader__Config/LayoutEditor__Leader__NoteTooltipNote	TV-only	"With Select or Move up, resting the pointer on a specification bubble's circle for NoteTooltipMs names its note beside the pointer - the code in bold, then the note's title (EW01  Loggia Arcade) - so a code can be read zoomed in, with the notes margin off the screen. A bubble linked to a note, or unlinked but reading a note's code, names it; one on a locked layer too, one on a reference layer not. Moving straight on to the next bubble names that one at once. NoteTooltip false turns it off; 0 ms shows it at once."	null
/LayoutEditor__Eyedropper__Config/LayoutEditor__Eyedropper__Description	value	"The eyedropper (hotkey B) matches properties from one object on the sheet onto another. Click the object that already looks right, then click each object that should match it. StayLoadedAfterApply keeps the picked style on the dropper so a run of items costs one click each; with it off the dropper empties after the first apply and must be re-picked. CopyDimensionOffset is off on purpose: a dimension's offset is where its line sits, so copying it would move the target rather than restyle it. Style travels, content and geometry do not, and the layer never travels in any kind. Unlocked viewports match each other (render composites, frame, caption and scale); a locked viewport is not picked up at all, so the dropper reaches markup and other unlocked viewports through the frame. Shift+B is the palette mode: click an object and its style becomes the setting new objects of that kind are created with - the same traits travel, turned into the panel settings. PaletteSwitchesTool then hands over to the drawing tool for that kind (Text, Dimension, or whichever of Draw and Rectangle drew last); FlashMs is how long the item the style came from pulses."	"The eyedropper (hotkey B) matches properties from one object on the sheet onto another. Click the object that already looks right, then click each object that should match it. StayLoadedAfterApply keeps the picked style on the dropper so a run of items costs one click each; with it off the dropper empties after the first apply and must be re-picked. CopyDimensionOffset is off on purpose: a dimension's offset is where its line sits, so copying it would move the target rather than restyle it. Style travels, content and geometry do not, and the layer never travels in any kind. Unlocked viewports match each other (render composites, caption and scale); a locked viewport is not picked up at all, so the dropper reaches markup and other unlocked viewports through the frame. Shift+B is the palette mode: click an object and its style becomes the setting new objects of that kind are created with - the same traits travel, turned into the panel settings. PaletteSwitchesTool then hands over to the drawing tool for that kind (Text, Dimension, or whichever of Draw and Rectangle drew last); FlashMs is how long the item the style came from pulses."
/LayoutEditor__Eyedropper__Config/LayoutEditor__Eyedropper__ViewportNote	value	"Unlocked viewports copy render composites, frame, caption and scale onto other unlocked viewports. A locked viewport (its own lock or its layer) is not a source and not a target, and the eyedropper does not resolve it, so a locked drawing is not detected over the markup on it. Scene, drawing, frame geometry, pan, name, layer, lock and doors stay on that viewport. Viewports do not load the palette: new viewports are added from the panel, not drawn with a tool."	"Unlocked viewports copy render composites, caption and scale onto other unlocked viewports. A locked viewport (its own lock or its layer) is not a source and not a target, and the eyedropper does not resolve it, so a locked drawing is not detected over the markup on it. Scene, drawing, frame geometry, pan, name, layer and lock stay on that viewport. Viewports do not load the palette: new viewports are added from the panel, not drawn with a tool. TrueVision also copies whether the frame itself shows; that toggle is not in this tree yet."
/LayoutEditor__AutoSave__Config/LayoutEditor__AutoSave__Description	value	"A browser draft of every change, put back on the next load while unsaved - if it grew from the very drawings loaded; a draft grown from drawings since saved elsewhere is asked about first (apply, discard, decide later) - and a project save of its own DebounceMs after a sheet is created, renamed, reordered or deleted. Localhost only; the web build is read-only. The draft is written DraftDebounceMs after the editing pauses rather than inside every click - it is a synchronous disk write of every sheet, so doing it per change stalled the editor - and it is flushed when the tab is hidden or closed."	"A browser draft of every change, put back on the next load while unsaved, and a project save of its own DebounceMs after a sheet is created, renamed, reordered or deleted. Localhost only; the web build is read-only. The draft is written DraftDebounceMs after the editing pauses rather than inside every click - it is a synchronous disk write of every sheet, so doing it per change stalled the editor - and it is flushed when the tab is hidden or closed."
/LayoutEditor__AutoSave__Config/LayoutEditor__AutoSave__CloseGuardDescription	value	"CloseGuardEnabled asks the browser's own leave-site question before the window, the tab or the PWA closes on work the project has not been told about - sheets not yet saved, or a specification not yet synced. Content edits (viewports, text, dimensions, vectors) deliberately do not auto save, so the editor can hold a whole session behind the Save Sheets button, and Ctrl+W took it with nothing asked. The draft is flushed as the question goes up, so the answer decides when the work is picked up again rather than whether it survives. The wording belongs to the browser: every current one replaced the custom message years ago. Editable sessions only. Turning this off returns the editor to closing without a word."	"CloseGuardEnabled asks the browser's own leave-site question before the window or the tab closes on work the project has not been told about - sheets not yet saved, or a specification not yet synced. Content edits (viewports, text, dimensions, vectors) deliberately do not auto save, so the editor can hold a whole session behind the Save Sheets button, and Ctrl+W took it with nothing asked. The draft is flushed as the question goes up, so the answer decides when the work is picked up again rather than whether it survives. The wording belongs to the browser: every current one replaced the custom message years ago. Editable sessions only. Turning this off returns the editor to closing without a word."
/LayoutEditor__Pdf__Config/LayoutEditor__Pdf__Description	value	"jsPDF at true paper size. 2D viewports write the projected linework, dimensions and text as vectors; underlays and 3D viewports are placed as raster images at the Raster block's export level. The vendored UMD build is injected as a classic script on first use. Open Sans is fetched as TTF (the same three cuts the app paints with) and embedded in every document, so Download PDF does not fall back to Helvetica."	"jsPDF at true paper size. 2D viewports write the projected linework, dimensions and text as vectors; underlays and 3D viewports are placed as raster images at the Raster block's export level. The vendored UMD build is injected as a classic script on first use."
/LayoutEditor__Pdf__Config/LayoutEditor__Pdf__FilenamePatternNote	value	"Tokens: {drawingCode} the sheet's Drawing No. field as the title block prints it (PS01_T02_D01); {drawingName} the sheet's tab name with its leading sheet number stripped and run together in PascalCase (D01 - Floor Plans -> FloorPlans); {paperSize} A4/A3/A2/A1; {revision} the Revision field prefixed Rev (RevA); {date} today, the day the file was issued, as DD-MMM-YYYY. {projectCode} and {sheetName} still answer, so a pattern configured before these existed keeps working. Every token but the date comes from the sheet the way the title block reads it, so the file name and the drawing inside it cannot disagree. Anything outside A-Z, a-z, 0-9, _ and - becomes an underscore."	"Tokens: {drawingCode} the sheet's Drawing No. field as the title block prints it (PS01_T02_D01); {drawingName} the sheet's tab name with its leading sheet number stripped and run together in PascalCase (D01 - Floor Plans -> FloorPlans); {paperSize} A4/A3/A2/A1; {revision} the Revision field prefixed Rev (RevA); {date} today, as DD-MMM-YYYY. {projectCode} and {sheetName} still answer, so an older configured pattern keeps working. Every token but the date comes from the sheet the way the title block reads it, so the file name and the drawing inside it cannot disagree."
/LayoutEditor__Pdf__Config/LayoutEditor__Pdf__Author	value	"Noble Architecture Ltd"	"Vale Garden Houses Limited"
/LayoutEditor__Pdf__Config/LayoutEditor__Pdf__Creator	value	"TrueVision3D Layout Editor"	"ValeVision3D Layout Editor"
/LayoutEditor__Pdf__Config/LayoutEditor__Pdf__JsPdfScriptPath	value	"./04__Lib__ThirdParty__VersionLocked/05__Vendor__JsPdf__v4.1.0/jspdf.umd.js"	"./02__Src__AppModules/35__System__PageLayoutSystem/01__Dependencies__VersionLocked/jspdf.umd.js"
/LayoutEditor__Pdf__Config/LayoutEditor__Pdf__FontFamily	TV-only	"OpenSans"	null
/LayoutEditor__Pdf__Config/LayoutEditor__Pdf__FontFamilyNote	TV-only	"jsPDF family name for the embedded cuts. No space: jsPDF looks fonts up by this exact id. The screen CSS family remains 'Open Sans'."	null
/LayoutEditor__Pdf__Config/LayoutEditor__Pdf__FontBasePath	TV-only	"../01__Assets__NaApps__CommonAssets/NaApps__CommonFonts/"	null
/LayoutEditor__Pdf__Config/LayoutEditor__Pdf__FontCdnBase	TV-only	"https://www.noble-architecture.com/na-apps/01__Assets__NaApps__CommonAssets/NaApps__CommonFonts/"	null
/LayoutEditor__Pdf__Config/LayoutEditor__Pdf__FontsNote	TV-only	"One TTF per jsPDF style. Weight is the Open Sans cut the app already loads (300 Light, 400 Regular, 600 SemiBold). Style is the jsPDF face name setFont asks for: light, normal, bold. Local FontBasePath is tried first (same origin); FontCdnBase is the fallback, matching Na__CoreUi__Styles__Fonts__.css."	null
/LayoutEditor__Pdf__Config/LayoutEditor__Pdf__Fonts	TV-only	[{"Style": "light", "Weight": 300, "FileName": "CommonFont-01__OpenSans__Light__.ttf"}, {"Style": "normal", "Weight": 400, "FileName": "CommonFont-01__OpenSans__Regular__.ttf"}, {"Style": "bold", "Weight": 600, "FileName": "CommonFont-01__OpenSans__SemiBold__.ttf"}]	null
/LayoutEditor__Specification__Config/LayoutEditor__Specification__Description	value	"The Project Specification tab: every drawing note of the project, in groups. A group has a prefix (GN, SN, EE) and a title; a note has a title and its specification text. A note's code is its group's prefix and its place in the group, zero-padded to NumberDigits - GN01, EE02 - so moving a note up or down, moving it to another group or changing its group's prefix renumbers it. Specification bubbles on the sheets link to a note by its id, not its code, so a renumber reaches every bubble on every sheet. The specification is a file of its own (FileName) beside TrueVision__ProjectData__.json, kept locally in the project folder so an agent can edit it on disk, and written to the same R2 key on Sync. LegacyFileName is the previous R2 name, read only when FileName is not there yet. The file is read when the drawing editor opens. Every edit is kept in this browser at once (DraftEnabled, written DraftDebounceMs after the typing pauses); Sync writes the whole file to R2 and to the local copy, and first asks whether to replace a cloud copy that changed since it was read (ConfirmCloudOverwrite). HistorySteps is the tab's own undo depth."	"The Project Specification tab: every drawing note of the project, in groups. A group has a prefix (GN, SN, EE) and a title; a note has a title and its specification text. A note's code is its group's prefix and its place in the group, zero-padded to NumberDigits - GN01, EE02 - so moving a note up or down, moving it to another group or changing its group's prefix renumbers it. Specification bubbles on the sheets link to a note by its id, not its code, so a renumber reaches every bubble on every sheet. The specification is a file of its own (FileName) beside project.json, kept locally in the project folder so an agent can edit it on disk, and written to the same R2 key on Sync. The file is read when the drawing editor opens. Every edit is kept in this browser at once (DraftEnabled, written DraftDebounceMs after the typing pauses); Sync writes the whole file to R2 and to the local copy, and first asks whether to replace a cloud copy that changed since it was read (ConfirmCloudOverwrite). HistorySteps is the tab's own undo depth."
/LayoutEditor__Specification__Config/LayoutEditor__Specification__FileName	value	"TrueVision__DrawingNotes__.json"	"ValeVision__DrawingNotes__.json"
/LayoutEditor__Specification__Config/LayoutEditor__Specification__LegacyFileName	TV-only	"TrueVision__ProjectSpecification__.json"	null
/LayoutEditor__Specification__Config/LayoutEditor__Specification__RevisionNote	value	"The specification is a document that gets issued, so it carries a revision and a number of its own, the way each sheet carries a Rev and a Drawing No. Both are typed in the Project Specification bar, both print on the document, and both name the downloaded file through the shared Pdf FilenamePattern. DefaultRevision is what an untouched specification opens at, and what a specification written before these fields existed is read as. DocumentNumberSuffix is appended to the project code when no number has been typed, so PS01 gives PS01_SPEC; type PS01_T02_SPEC over it to sit with the sheets."	"The specification is a document that gets issued, so it carries a revision and a number of its own, the way each sheet carries a Rev and a Drawing No. Both are typed in the Project Specification bar, both print on the document, and both name the downloaded file through the shared Pdf FilenamePattern. DefaultRevision is what an untouched specification opens at. DocumentNumberSuffix is appended to the project code when no number has been typed."
/LayoutEditor__Specification__Config/LayoutEditor__Specification__LockstepEnabled	TV-only	true	null
/LayoutEditor__Specification__Config/LayoutEditor__Specification__LockstepPollMs	TV-only	3000	null
/LayoutEditor__Specification__Config/LayoutEditor__Specification__AutoSaveLocalMs	TV-only	4000	null
/LayoutEditor__Specification__Config/LayoutEditor__Specification__LockstepNote	TV-only	"Keeps the specification in the app and its local file (FileName) in step, as the Statement Writer does with a statement's markdown. Agents and hand edits change the local file directly, so on localhost the app looks at it on load, every LockstepPollMs while the drawing editor is open, when the window gets the focus back, and immediately before every write - the autosave, Enter in the drawing's Specification tab, Save Sheets and Sync. If the file no longer holds what the app last read or wrote, nothing is written and the app asks which copy to keep - its own (kept in this browser as a JSON draft) or the file - showing when each last changed and which notes differ. The copy not chosen is kept in this browser (Na__LayoutEditor__SpecDiscarded__<code>). What is in the app is written to the file AutoSaveLocalMs after the editing pauses (0 turns that off), so an agent always starts from what is on screen; R2 is still written only by Save Sheets and Sync. Whether the copies agree is decided by their content, not by each note's stamp; the times only explain. Set LockstepEnabled false to go back to the last save winning (the autosave to the file stops with it)."	null
/LayoutEditor__MarginNotes__Config/LayoutEditor__MarginNotes__Description	value	"The notes margin a sheet can carry down its right-hand side, from the top of the border to the title block. Switched on per sheet with Show notes margin in the Margin Notes panel; drag its left edge to make it wider or narrower. It lists any groups the sheet lists without leaders first (LeaderlessNote), then the specification notes the sheet's bubbles link to, in specification order, then the general notes. Distances and text sizes are paper millimetres except the divider and rule (printed points). TextSizeMm is the body (2 mm); titles are TitleScale times that. PaddingMm is the left and top/foot inset; PaddingRightMm is the clearance before the sheet's right border, a little more so wrapped lines do not clip. A note reads as its code, CodePipe, then its title, with the body wrapped to the full inner width. A faint RuleColour line at RulePt sits between notes, centred in the gap between them: NoteGapMm is the least that gap can be, and decides what fits; when every note fits and the column has room left at the foot, every gap opens by the same amount, up to NoteGapMaxMm. IncludeGeneralNotes and GroupHeadings are what a newly switched-on margin starts with."	"The notes margin a sheet can carry down its right-hand side, from the top of the border to the title block. Switched on per sheet with the Notes button on the toolbar or in the Margin Notes panel; drag its left edge to make it wider or narrower. It lists the specification notes the sheet's bubbles link to, in specification order, then the general notes. Distances and text sizes are paper millimetres except the divider and rule (printed points). TextSizeMm is the body (2 mm); titles are TitleScale times that. PaddingMm is the left and top/foot inset; PaddingRightMm is the clearance before the sheet's right border, a little more so wrapped lines do not clip. A note reads as its code, CodePipe, then its title, with the body wrapped to the full inner width. A faint RuleColour line at RulePt sits between notes, centred in the gap between them: NoteGapMm is the least that gap can be, and decides what fits; when every note fits and the column has room left at the foot, every gap opens by the same amount, up to NoteGapMaxMm. IncludeGeneralNotes and GroupHeadings are what a newly switched-on margin starts with."
/LayoutEditor__MarginNotes__Config/LayoutEditor__MarginNotes__RegionsNote	TV-only	"Overspill Note Regions: boxes drawn on the sheet that hold notes too, switched on per sheet with Overspill Note Regions in the Margin Notes panel and each drawn by dragging a box, snapping as the Rectangle tool does. A region lists the notes of the groups ticked in it, which then leave the margin (a group ticked in two goes to the first), and a region with Overspill ticked takes whatever did not fit where it was meant to go, in specification order - the margin's tail first of all - after its own groups. With the margin off, every note no region claims waits for the overspill regions. A region is painted paper like the margin, laid out by the margin's rules at the margin's text size, with RegionPaddingMm inside it on every side; it is never smaller than RegionMinSizeMm either way. Its border lines are the margin's divider (DividerPt, in the ink colour), each side switched on its own; RegionBordersDefault is whether a new region starts with all four. Its title is the one typed, else RegionOverspillTitle for an overspill region, a lone group's own title, or RegionGroupsTitle. RegionGripPx is the on-screen reach of its edge and corner grips."	null
/LayoutEditor__MarginNotes__Config/LayoutEditor__MarginNotes__RegionMinSizeMm	TV-only	15	null
/LayoutEditor__MarginNotes__Config/LayoutEditor__MarginNotes__RegionPaddingMm	TV-only	3	null
/LayoutEditor__MarginNotes__Config/LayoutEditor__MarginNotes__RegionOverspillTitle	TV-only	"NOTES (CONTINUED)"	null
/LayoutEditor__MarginNotes__Config/LayoutEditor__MarginNotes__RegionGroupsTitle	TV-only	"NOTES"	null
/LayoutEditor__MarginNotes__Config/LayoutEditor__MarginNotes__RegionBordersDefault	TV-only	true	null
/LayoutEditor__MarginNotes__Config/LayoutEditor__MarginNotes__RegionGripPx	TV-only	10	null
/LayoutEditor__MarginNotes__Config/LayoutEditor__MarginNotes__LeaderlessNote	TV-only	"Leaderless Notes: whole specification groups a sheet lists whether or not a bubble on it links to them - a project introduction, or a block of notes that needs no leader. Switched on per sheet with Leaderless Notes in the Margin Notes panel, where each group is ticked; the ticked groups form a stack whose order is the print order, dragged by a grip (or moved with the arrow keys on it), and a group ticked joins the foot of the stack. They are listed FIRST, before the notes the sheet's bubbles link to and the general notes, each group's notes in specification order; a note of theirs a bubble links to as well is listed once, in its group's place. Everything else is as for any note: the margin's text size and group headings, a region ticking the group takes its notes, and what does not fit carries on in the overspill regions. Switching it off keeps the ticked groups and their order. The sheet keeps them on its notes margin record as LeaderlessOn and LeaderlessGroups."	null
/LayoutEditor__Measurements__Config/LayoutEditor__Measurements__Description	value	"The Measurements box at the bottom right of the sheet (Na__LayoutEditor__Measurements__), SketchUp's VCB. While the Draw, Rectangle or Dimension tool is up it reads out what is being drawn as it is drawn - a line's length, a rectangle's width x height, a dimension's span and then its line's offset - and a value typed while drawing is used on Enter, with no click into the box first: Draw places the next point that far along the rubber band (its direction, so snaps, Shift and the arrow key axis lock aim it); Rectangle lands the opposite corner (3000 x 2000 or 3000,2000; one figure is a square; typed straight after a rectangle lands, it resizes that rectangle); Dimension picks the end that far along the band, then puts the line that far from what it measures. Dragging a vertex of a finished vector wakes the box the same way: the reading is the drag's length, and a typed value moves the vertex that far along the inferred direction (the original vertex toward where it is being dragged; a minus sign runs the other way) and finishes the drag so the pointer cannot pull it back. Dragging a viewport's frame (not a handle, not the drawing inside) wakes it too: a typed value moves the frame that far along the drag, at the viewport's scale (or the sheet's for a 3D viewport). Moving a vector, a note, a leader, a dimension or a selection whole with the Move tool wakes it the same way, reading how far the move has gone as it goes (along an arrow-key lock, Shift or Ortho too). THE LAST MOVE STAYS IN THE BOX, as in SketchUp: when the button comes up, or a typed value lands the move, the box goes on reading it, and a length typed then lands it again exactly that far along the same line, measured from where it started - 1000, then 1200, then 1150 - until something else is selected, moved or changed, the tool changes or Escape is pressed. A vertex, a dimension end and a dimension line let go by the mouse stay typeable the same way. A typed value is absolute: no snap, grid, Shift or Ortho moves it. A number with no unit is millimetres; add m, cm or mm for another (2.5m), commas may group thousands (2,500) and a minus sign draws the other way. The line above the box shows how a value is being read as it is typed. AT SCALE: with Draw at scale on (Shapes DefaultAtScale) lines, rectangles and a dragged vertex take and show real sizes at the drawing's scale - the 2D viewport under the first point (or the vertex), or the sheet's scale elsewhere - so 2500 at 1:50 is 50 mm of paper; off, they are paper millimetres. A dimension uses Measure at scale (Dimensions DefaultAtScale). The chip at the right of the box shows the scale in use. Precision is the decimal places a reading shows (trailing zeros dropped), UnitsSuffix follows it, PairSeparator joins a rectangle's two sizes, HintMs is how long a message above the box stays, and EdgeGapPx keeps the box clear of the stage's scrollbars. The keys it reads are in Na__Hotkeys__DrawingTabs__.json under MeasurementsBox."	"The Measurements box at the bottom right of the sheet (Na__LayoutEditor__Measurements__), SketchUp's VCB. While the Draw, Rectangle or Dimension tool is up it reads out what is being drawn as it is drawn - a line's length, a rectangle's width x height, a dimension's span and then its line's offset - and a value typed while drawing is used on Enter, with no click into the box first: Draw places the next point that far along the rubber band (its direction, so snaps, Shift and the arrow key axis lock aim it); Rectangle lands the opposite corner (3000 x 2000 or 3000,2000; one figure is a square; typed straight after a rectangle lands, it resizes that rectangle); Dimension picks the end that far along the band, then puts the line that far from what it measures. Dragging a vertex of a finished vector wakes the box the same way: the reading is the drag's length, and a typed value moves the vertex that far along the inferred direction (the original vertex toward where it is being dragged; a minus sign runs the other way) and finishes the drag so the pointer cannot pull it back. Dragging a viewport's frame (not a handle, not the drawing inside) wakes it too: a typed value moves the frame that far along the drag, at the viewport's scale (or the sheet's for a 3D viewport). A number with no unit is millimetres; add m, cm or mm for another (2.5m), commas may group thousands (2,500) and a minus sign draws the other way. The line above the box shows how a value is being read as it is typed. AT SCALE: with atScale true on the shape and dimension defaults, lines, rectangles and a dragged vertex take and show real sizes at the drawing's scale - the 2D viewport under the first point (or the vertex), or the sheet's scale elsewhere - so 2500 at 1:50 is 50 mm of paper. A dimension uses the same. The chip at the right of the box shows the scale in use. Precision is the decimal places a reading shows (trailing zeros dropped), UnitsSuffix follows it, PairSeparator joins a rectangle's two sizes, HintMs is how long a message above the box stays, and EdgeGapPx keeps the box clear of the stage's scrollbars. The keys it reads are in Na__Hotkeys__DrawingTabs__.json under MeasurementsBox. The Vectors/Dimensions panel toggle rows are not here: atScale is hardcoded true so DrawingScale works."
/LayoutEditor__Measurements__Config/LayoutEditor__Measurements__ArrayMaxCount	TV-only	200	null
/LayoutEditor__Measurements__Config/LayoutEditor__Measurements__ArrayMaxCount__Note	TV-only	"SketchUp's copy arrays, typed after a Ctrl-drag copy: 3x (x3, *3, 3*) puts copies at the copy's distance, twice it and three times it; /3 (3/) divides that distance into three. This is the most copies one count may make, so a slip of the finger (3000x) cannot fill the sheet with viewports."	null
/LayoutEditor__Labels__Config/LayoutEditor__Labels__DrawingsTab	TV-only	"Drawings"	null
/LayoutEditor__Labels__Config/LayoutEditor__Labels__DrawingsTabTitle	TV-only	"The drawings of this project. Press to choose one"	null
/LayoutEditor__Labels__Config/LayoutEditor__Labels__DrawingsTabOpenTitle	TV-only	"{drawing} is open. Press to choose another drawing"	null
/LayoutEditor__Labels__Config/LayoutEditor__Labels__RegisterTab	TV-only	"Document Register"	null
/LayoutEditor__Labels__Config/LayoutEditor__Labels__RegisterTabTitle	TV-only	"Every drawing of the project - its number, revision and status, and the revision notes"	null
/LayoutEditor__Labels__Config/LayoutEditor__Labels__StatementsTab	TV-only	"Design Statements"	null
/LayoutEditor__Labels__Config/LayoutEditor__Labels__StatementsTabTitle	TV-only	"The written documents of this project - the pre-application statement, the design and access statement"	null
/LayoutEditor__Labels__Config/LayoutEditor__Labels__TabStripNote	TV-only	"The strip under the header reads 3D Model | Drawings | Specification | Document Register | Design Statements, and shows only while the project has a drawing sheet. The Drawings tab opens a menu of every drawing (each named by TabLabelFormat, the whole drawing number on its hover), then on localhost a new-sheet row (AddSheetTab followed by AddSheetTitle). SpecificationTab names the specification tab; its hover is SpecificationTabTitle, or SpecificationTabUnsynced while it holds unsynced changes. The first sheet of a project comes from Dev Tools > Layout Editor > New Sheet."	null
/LayoutEditor__Labels__Config/LayoutEditor__Labels__DrawingType	TV-only	"Drawing type"	null
/LayoutEditor__Labels__Config/LayoutEditor__Labels__DrawingTypeArchitectural	TV-only	"Architectural Drawing"	null
/LayoutEditor__Labels__Config/LayoutEditor__Labels__DrawingTypeSitePlan	TV-only	"Site Plan Drawing"	null
/LayoutEditor__Labels__Config/LayoutEditor__Labels__SitePlanTabTitle	TV-only	"Site plan drawing"	null
/LayoutEditor__Labels__Config/LayoutEditor__Labels__TabLabelFormatNote	value	"What a sheet is called on its tab, the toolbar and every list that names one: {code} is the short code cut from the Drawing Register's number ('PS01_T02_D03' gives 'D03'), {name} the sheet's short name. The whole drawing number stays on the tab's hover and the title block. With {name} empty this is also the fixed text in front of the Sheet panel's Name box ('D03 -')."	"What a sheet is called on its tab, the toolbar and every list that names one: {code} is the short code cut from the sheet's Drawing No. ('PS01_T02_D03' gives 'D03'), {name} the sheet's short name. A sheet with no Drawing No. shows its name alone. With {name} empty this is also the fixed text in front of the Sheet panel's Name box ('D03 -')."
/LayoutEditor__Labels__Config/LayoutEditor__Labels__SheetName	TV-only	"Name"	null
/LayoutEditor__Labels__Config/LayoutEditor__Labels__StatusTitle	value	"What this drawing is issued for. It prints in the last cell of the title block, and can also be chosen on the drawing's row in the Drawing Register. The list is LayoutEditor__TitleBlock__Statuses."	"What this drawing is issued for. It prints in the last cell of the title block. The list is LayoutEditor__TitleBlock__Statuses."
/LayoutEditor__Labels__Config/LayoutEditor__Labels__SheetNameCodeTitle	value	"Drawing {number}. The number comes from the Drawing Register and follows it by itself - type only the short name."	"Drawing {number}. Cut from the Drawing No. below - type only the short name here."
/LayoutEditor__Labels__Config/LayoutEditor__Labels__SitePlanViewportName	TV-only	"Site Plan"	null
/LayoutEditor__Labels__Config/LayoutEditor__Labels__SitePlanBlockPlan	TV-only	"Block Plan"	null
/LayoutEditor__Labels__Config/LayoutEditor__Labels__ShapeHatch	TV-only	"Hatch"	null
/LayoutEditor__Labels__Config/LayoutEditor__Labels__ShapeHatchTitle	TV-only	"A repeating pattern over this shape, drawn above its fill and below its own outline. Paper size: a tile prints the same however the sheet is scaled."	null
/LayoutEditor__Labels__Config/LayoutEditor__Labels__ShapeHatchPattern	TV-only	"Pattern"	null
/LayoutEditor__Labels__Config/LayoutEditor__Labels__ShapeHatchNone	TV-only	"None"	null
/LayoutEditor__Labels__Config/LayoutEditor__Labels__ShapeHatchScale	TV-only	"Pattern scale"	null
/LayoutEditor__Labels__Config/LayoutEditor__Labels__ShapeHatchScaleTitle	TV-only	"How large the pattern draws on the sheet. 1 is the size it was drawn at."	null
/LayoutEditor__Labels__Config/LayoutEditor__Labels__ShapeHatchRotation	TV-only	"Pattern deg"	null
/LayoutEditor__Labels__Config/LayoutEditor__Labels__ShapeHatchRotationTitle	TV-only	"Turns the whole tiled field, not each mark."	null
/LayoutEditor__Labels__Config/LayoutEditor__Labels__ShapeHatchMissing	TV-only	"This shape names a pattern the library has not got. Its fill and outline are unchanged; choose another pattern to replace it."	null
/LayoutEditor__Labels__Config/LayoutEditor__Labels__ShapeHatchPt	TV-only	"Pattern line pt"	null
/LayoutEditor__Labels__Config/LayoutEditor__Labels__ShapeHatchPtTitle	TV-only	"The printed weight of the pattern's lines, in points. It starts at the pattern's standard, which grows with the pattern scale; a weight typed here stays as typed at any scale. Empty the box to go back to the standard."	null
/LayoutEditor__Labels__Config/LayoutEditor__Labels__ShapeHatchColour	TV-only	"Pattern colour"	null
/LayoutEditor__Labels__Config/LayoutEditor__Labels__ShapeHatchColourTitle	TV-only	"The colour of the pattern's lines. It starts at the pattern's standard: its own ink if it has one, else this shape's edge colour."	null
/LayoutEditor__Labels__Config/LayoutEditor__Labels__ShapeHatchStandard	TV-only	"Standard line and colour"	null
/LayoutEditor__Labels__Config/LayoutEditor__Labels__ShapeHatchStandardTitle	TV-only	"Put the pattern's line weight and colour back to its standard."	null
/LayoutEditor__Labels__Config/LayoutEditor__Labels__PatternsLinePt	TV-only	"Line pt"	null
/LayoutEditor__Labels__Config/LayoutEditor__Labels__PatternsLinePtNote	TV-only	"The printed weight of the pattern's lines, in points. It starts at the pattern's standard, which grows with the scale; a weight typed here stays as typed at any scale. Empty the box to go back to the standard."	null
/LayoutEditor__Labels__Config/LayoutEditor__Labels__PatternsLineColour	TV-only	"Line colour"	null
/LayoutEditor__Labels__Config/LayoutEditor__Labels__PatternsLineColourNote	TV-only	"The colour of the pattern's lines on this layer. It starts at the pattern's standard: its own ink if it has one, else the layer's line colour."	null
/LayoutEditor__Labels__Config/LayoutEditor__Labels__PatternsStandard	TV-only	"Standard line and colour"	null
/LayoutEditor__Labels__Config/LayoutEditor__Labels__PatternsStandardNote	TV-only	"Put the pattern's line weight and colour back to its standard."	null
/LayoutEditor__Labels__Config/LayoutEditor__Labels__PatternsFilled	TV-only	"Fill"	null
/LayoutEditor__Labels__Config/LayoutEditor__Labels__PatternsFilledNote	TV-only	"The solid wash under the pattern. Off leaves this layer unfilled - the hatch, if it has one, draws straight onto the paper."	null
/LayoutEditor__Labels__Config/LayoutEditor__Labels__PatternsNone	TV-only	"None - no pattern"	null
/LayoutEditor__Labels__Config/LayoutEditor__Labels__SitePlanPlanTypeLabel	TV-only	"Plan type"	null
/LayoutEditor__Labels__Config/LayoutEditor__Labels__SitePlanPlanTypeAuto	TV-only	"Automatic"	null
/LayoutEditor__Labels__Config/LayoutEditor__Labels__SitePlanPlanTypeNote	TV-only	"Block plan or location plan. A block plan draws the full composite - solid fills, hatch patterns, then the linework. A location plan paints only the proposed fills, no patterns, and greyscales every line but the boundary. Automatic follows the scale: 1:500 or finer is a block plan."	null
/LayoutEditor__Labels__Config/LayoutEditor__Labels__SitePlanCompositesTitle	TV-only	"Site Plan Render Composites"	null
/LayoutEditor__Labels__Config/LayoutEditor__Labels__SitePlanCompositesNoSelection	TV-only	"Select a site plan viewport on the sheet."	null
/LayoutEditor__Labels__Config/LayoutEditor__Labels__SitePlanCompositesLocationNote	TV-only	"This viewport draws as a location plan: only the proposed fills are painted, no patterns, and every line but the boundary is greyscale. Change it under Plan type on the Viewport panel."	null
/LayoutEditor__Labels__Config/LayoutEditor__Labels__SitePlanDeckFills	TV-only	"Solid Fills"	null
/LayoutEditor__Labels__Config/LayoutEditor__Labels__SitePlanDeckPatterns	TV-only	"Hatch Patterns"	null
/LayoutEditor__Labels__Config/LayoutEditor__Labels__SitePlanDeckLinework	TV-only	"Linework"	null
/LayoutEditor__Labels__Config/LayoutEditor__Labels__SitePlanLocationPlan	TV-only	"Location Plan"	null
/LayoutEditor__Labels__Config/LayoutEditor__Labels__SitePlanAddScale	TV-only	"Scale"	null
/LayoutEditor__Labels__Config/LayoutEditor__Labels__AddSitePlanViewport	TV-only	"Add Site Plan Viewport"	null
/LayoutEditor__Labels__Config/LayoutEditor__Labels__SitePlanLoading	TV-only	"Loading site plan data..."	null
/LayoutEditor__Labels__Config/LayoutEditor__Labels__SitePlanNoData	TV-only	"No site plan data for this project. In SketchUp: GLB Builder, Export Site Plan Data, into 30__TrueVision__AppContent/SitePlan__DrawingData."	null
/LayoutEditor__Labels__Config/LayoutEditor__Labels__SitePlanReady	TV-only	"{count} site plan layer(s), exported {date}."	null
/LayoutEditor__Labels__Config/LayoutEditor__Labels__SitePlanNoLayers	TV-only	"No site plan layers loaded yet."	null
/LayoutEditor__Labels__Config/LayoutEditor__Labels__NoSheets	value	"No sheets yet. New Sheet below makes the first; the tab strip and its Drawings menu appear with it."	"No sheets yet. New Sheet makes the first one and opens it."
/LayoutEditor__Labels__Config/LayoutEditor__Labels__TabsPreviousTitle	value	"The tab before this one"	"The drawing before this one"
/LayoutEditor__Labels__Config/LayoutEditor__Labels__TabsNextTitle	value	"The tab after this one"	"The drawing after this one"
/LayoutEditor__Labels__Config/LayoutEditor__Labels__SavedLocalMessage	TV-only	"Sheets saved to R2 and locally."	null
/LayoutEditor__Labels__Config/LayoutEditor__Labels__SavedLocalFailedMessage	TV-only	"Sheets saved to R2, but the local copy was not written: {error}."	null
/LayoutEditor__Labels__Config/LayoutEditor__Labels__ShowFrameLabel	TV-only	"Frame"	null
/LayoutEditor__Labels__Config/LayoutEditor__Labels__ShowFrameTitle	TV-only	"The border and caption round this viewport, on the sheet and in the PDF. Untick once the sheet is set out, to title the view yourself."	null
/LayoutEditor__Labels__Config/LayoutEditor__Labels__CaptionNeedsFrame	TV-only	"The caption shows with the frame. Tick Frame to show it."	null
/LayoutEditor__Labels__Config/LayoutEditor__Labels__DraftApplied	TV-only	"The draft was applied over the saved drawings. Save Sheets keeps it."	null
/LayoutEditor__Labels__Config/LayoutEditor__Labels__DraftDiscarded	TV-only	"The draft was discarded. The drawings are as saved."	null
/LayoutEditor__Labels__Config/LayoutEditor__Labels__DraftLeftAside	TV-only	"The draft was not applied. You will be asked again the next time this project opens; editing before then replaces it."	null
/LayoutEditor__Labels__Config/LayoutEditor__Labels__PasteLayerMadeOne	TV-only	"Added the {layer} layer to this sheet, in the same place in the list."	null
/LayoutEditor__Labels__Config/LayoutEditor__Labels__PasteLayerMade	TV-only	"Added {count} layers to this sheet, in the same places in the list: {layers}."	null
/LayoutEditor__Labels__Config/LayoutEditor__Labels__PasteLayerShownOne	TV-only	"Switched on the {layer} layer, which was hidden."	null
/LayoutEditor__Labels__Config/LayoutEditor__Labels__PasteLayerShown	TV-only	"Switched on {count} hidden layers: {layers}."	null
/LayoutEditor__Labels__Config/LayoutEditor__Labels__PasteLayerLockedOne	TV-only	"The {layer} layer is locked on this sheet, so what came from it went to its usual layer."	null
/LayoutEditor__Labels__Config/LayoutEditor__Labels__PasteLayerLocked	TV-only	"{count} layers are locked on this sheet ({layers}), so what came from them went to their usual layers."	null
/LayoutEditor__Labels__Config/LayoutEditor__Labels__PasteLayerReferenceOne	TV-only	"The {layer} layer is a reference layer on this sheet: what landed on it can be seen, not picked."	null
/LayoutEditor__Labels__Config/LayoutEditor__Labels__PasteLayerReference	TV-only	"{count} layers are reference layers on this sheet ({layers}): what landed on them can be seen, not picked."	null
/LayoutEditor__Labels__Config/LayoutEditor__Labels__FloorAreasTitle	TV-only	"Floor Areas"	null
/LayoutEditor__Labels__Config/LayoutEditor__Labels__LayerTypeArea	TV-only	"Floor Areas"	null
/LayoutEditor__Labels__Config/LayoutEditor__Labels__ToolFloorArea	TV-only	"Floor Area"	null
/LayoutEditor__Labels__Config/LayoutEditor__Labels__ToolFloorAreaTitle	TV-only	"Measure a room (A): draw round it and click the first corner again to close - or switch to rectangles in the Floor Areas panel. It lands on the Floor Areas layer, named and coloured, with its area written in the middle of it."	null
/LayoutEditor__Labels__Config/LayoutEditor__Labels__MenuLayer	TV-only	"Layer"	null
/LayoutEditor__Labels__Config/LayoutEditor__Labels__MenuLayerSeveral	TV-only	"{count} layers"	null
/LayoutEditor__Labels__Config/LayoutEditor__Labels__MenuLayerLocked	TV-only	"Locked"	null
/LayoutEditor__Labels__Config/LayoutEditor__Labels__MenuLayerHidden	TV-only	"Hidden"	null
/LayoutEditor__Labels__Config/LayoutEditor__Labels__MenuLayerReference	TV-only	"Reference"	null
/LayoutEditor__Labels__Config/LayoutEditor__Labels__MenuLayerMovedOne	TV-only	"Moved to {layer}."	null
/LayoutEditor__Labels__Config/LayoutEditor__Labels__MenuLayerMoved	TV-only	"Moved {count} items to {layer}."	null
/LayoutEditor__Labels__Config/LayoutEditor__Labels__MenuLayerStayed	TV-only	"{count} on a locked layer stayed where they were."	null
/LayoutEditor__Labels__Config/LayoutEditor__Labels__LayerReference	TV-only	"Ref"	null
/LayoutEditor__Labels__Config/LayoutEditor__Labels__LayerReferenceTitle	TV-only	"Make this a reference layer: shown and printed, but nothing on it can be selected or snapped to"	null
/LayoutEditor__Labels__Config/LayoutEditor__Labels__LayerReferenceOnTitle	TV-only	"Reference layer: shown and printed, but nothing on it can be selected or snapped to - click to make it selectable again"	null
/LayoutEditor__Labels__Config/LayoutEditor__Labels__VectorLabel	TV-only	"Vector"	null
/LayoutEditor__Labels__Config/LayoutEditor__Labels__VectorLow	TV-only	"Low"	null
/LayoutEditor__Labels__Config/LayoutEditor__Labels__VectorMedium	TV-only	"Medium"	null
/LayoutEditor__Labels__Config/LayoutEditor__Labels__VectorHigh	TV-only	"High"	null
/LayoutEditor__Labels__Config/LayoutEditor__Labels__VectorTitle	TV-only	"How the drawings' linework is drawn while you work. High: always the cleanest, and a heavy plan is slow to dimension. Medium: fast while you edit, clean again a moment after you stop. Low: fastest, always a touch soft. Nothing is re-rendered when this changes, and the PDF ignores it."	null
/LayoutEditor__Labels__Config/LayoutEditor__Labels__ModelSourceLabel	TV-only	"Model Source"	null
/LayoutEditor__Labels__Config/LayoutEditor__Labels__ModelSourceDefault	TV-only	"Project Default - {label}"	null
/LayoutEditor__Labels__Config/LayoutEditor__Labels__ModelSourceDefaultNone	TV-only	"Project Default"	null
/LayoutEditor__Labels__Config/LayoutEditor__Labels__ModelSourceMissingOption	TV-only	"{id} (not in this project)"	null
/LayoutEditor__Labels__Config/LayoutEditor__Labels__ModelSourceMissing	TV-only	"\"{id}\" is not a design phase of this project, so this viewport draws the Project Default."	null
/LayoutEditor__Labels__Config/LayoutEditor__Labels__ModelSourceLoading	TV-only	"Loading design phase: {label}"	null
/LayoutEditor__Labels__Config/LayoutEditor__Labels__ModelSourceFailed	TV-only	"Design phase could not be loaded: {label}"	null
/LayoutEditor__Labels__Config/LayoutEditor__Labels__ModelSourceNote	TV-only	"The design phase this viewport draws. The scene, scale, crop and styles stay as they are, so a copy switched to another phase is the same view of that model."	null
/LayoutEditor__Labels__Config/LayoutEditor__Labels__MenuModelSource	TV-only	"Model: {label}"	null
/LayoutEditor__Labels__Config/LayoutEditor__Labels__ToolMoveTitle	value	"Move tool (M): drag to move whatever is under the pointer. It comes up by itself when Select picks text, a vector, a leader's bubble or a group, and goes back to Select when you click anything else. Viewports and dimensions only move once M is pressed, so a drawing is never shifted by accident; Escape goes back to Select."	"Move tool (M): drag to move whatever is under the pointer. With the Select tool a drag moves nothing, so nothing is shifted by accident; Escape puts every tool down."
/LayoutEditor__Labels__Config/LayoutEditor__Labels__ToolSelectTitle	value	"Select (V or space): click to pick, drag from bare paper to box-select. Picking text, a vector, a leader's bubble or a group picks the Move tool up too, so the next drag moves it. Double-click a group, a vector or a dimension to edit inside it, or text to type in it. Press M to move a viewport or a dimension."	"Select (V or space): click to pick, drag from bare paper to box-select. Double-click a group, a vector or a dimension to edit inside it. Press M to move things; Escape always comes back here."
/LayoutEditor__Labels__Config/LayoutEditor__Labels__MenuShowInSpecification	TV-only	"Show in Specification"	null
/LayoutEditor__Labels__Config/LayoutEditor__Labels__SpecificationTab	value	"Specification"	"Project Specification"
/LayoutEditor__Labels__Config/LayoutEditor__Labels__MarginStatusRegions	TV-only	"{count} in regions."	null
/LayoutEditor__Labels__Config/LayoutEditor__Labels__MarginOverflowRegions	TV-only	"{count} do not fit anywhere: enlarge a region, add an overspill region or make the text smaller."	null
/LayoutEditor__Labels__Config/LayoutEditor__Labels__MarginUnlisted	TV-only	"{count} are not listed: the margin is off and no region takes the overspill."	null
/LayoutEditor__Labels__Config/LayoutEditor__Labels__MarginOffRegions	TV-only	"The margin is off: the regions below list the notes."	null
/LayoutEditor__Labels__Config/LayoutEditor__Labels__RegionsToggle	TV-only	"Overspill Note Regions"	null
/LayoutEditor__Labels__Config/LayoutEditor__Labels__RegionsToggleTitle	TV-only	"Boxes drawn on the sheet that hold the notes the margin cannot fit, or the groups picked for them."	null
/LayoutEditor__Labels__Config/LayoutEditor__Labels__RegionsIntro	TV-only	"Draw a region on the sheet for the notes the margin cannot fit, or for the groups picked for it. A group ticked in a region leaves the margin."	null
/LayoutEditor__Labels__Config/LayoutEditor__Labels__RegionAdd	TV-only	"Add region"	null
/LayoutEditor__Labels__Config/LayoutEditor__Labels__RegionAddTitle	TV-only	"Drag a box on the sheet for a new region. It snaps as the Rectangle tool does; Esc cancels."	null
/LayoutEditor__Labels__Config/LayoutEditor__Labels__RegionDrawing	TV-only	"Drag a box on the sheet, or click two corners. Esc cancels."	null
/LayoutEditor__Labels__Config/LayoutEditor__Labels__RegionName	TV-only	"Region {n}"	null
/LayoutEditor__Labels__Config/LayoutEditor__Labels__RegionSummaryOverspill	TV-only	"Overspill"	null
/LayoutEditor__Labels__Config/LayoutEditor__Labels__RegionSummaryNothing	TV-only	"Nothing ticked"	null
/LayoutEditor__Labels__Config/LayoutEditor__Labels__RegionTitle	TV-only	"Title"	null
/LayoutEditor__Labels__Config/LayoutEditor__Labels__RegionTitleTitle	TV-only	"Printed across the top of the region. Left empty it reads {title}."	null
/LayoutEditor__Labels__Config/LayoutEditor__Labels__RegionBorders	TV-only	"Borders"	null
/LayoutEditor__Labels__Config/LayoutEditor__Labels__RegionBordersTitle	TV-only	"The region's border lines, side by side: the same line as the notes margin's left edge."	null
/LayoutEditor__Labels__Config/LayoutEditor__Labels__RegionBorderTop	TV-only	"Top"	null
/LayoutEditor__Labels__Config/LayoutEditor__Labels__RegionBorderRight	TV-only	"Right"	null
/LayoutEditor__Labels__Config/LayoutEditor__Labels__RegionBorderBottom	TV-only	"Bottom"	null
/LayoutEditor__Labels__Config/LayoutEditor__Labels__RegionBorderLeft	TV-only	"Left"	null
/LayoutEditor__Labels__Config/LayoutEditor__Labels__RegionLists	TV-only	"Lists"	null
/LayoutEditor__Labels__Config/LayoutEditor__Labels__RegionOverspill	TV-only	"Overspill"	null
/LayoutEditor__Labels__Config/LayoutEditor__Labels__RegionOverspillTitle	TV-only	"The notes that do not fit in the margin or in their own region, carried on in specification order after this region's own groups."	null
/LayoutEditor__Labels__Config/LayoutEditor__Labels__RegionGroupTaken	TV-only	"in {region}"	null
/LayoutEditor__Labels__Config/LayoutEditor__Labels__RegionGroupTakenTitle	TV-only	"{region} lists this group, so it is listed there: a group ticked in two regions goes to the first."	null
/LayoutEditor__Labels__Config/LayoutEditor__Labels__RegionGroupsLoading	TV-only	"Loading the project specification..."	null
/LayoutEditor__Labels__Config/LayoutEditor__Labels__RegionGroupsNone	TV-only	"The project specification has no groups yet."	null
/LayoutEditor__Labels__Config/LayoutEditor__Labels__RegionRedraw	TV-only	"Redraw"	null
/LayoutEditor__Labels__Config/LayoutEditor__Labels__RegionRedrawTitle	TV-only	"Drag a new box for this region on the sheet"	null
/LayoutEditor__Labels__Config/LayoutEditor__Labels__RegionDelete	TV-only	"Delete"	null
/LayoutEditor__Labels__Config/LayoutEditor__Labels__RegionDeleteTitle	TV-only	"Delete this region. Undo brings it back."	null
/LayoutEditor__Labels__Config/LayoutEditor__Labels__RegionHelp	TV-only	"Drag its edges or corners on the sheet to resize it, or the tab above it to move it."	null
/LayoutEditor__Labels__Config/LayoutEditor__Labels__RegionStatusLists	TV-only	"Lists {shown}."	null
/LayoutEditor__Labels__Config/LayoutEditor__Labels__RegionStatusContinues	TV-only	"{count} carry on in {region}."	null
/LayoutEditor__Labels__Config/LayoutEditor__Labels__RegionStatusOverflow	TV-only	"{count} do not fit: make it larger or the text smaller."	null
/LayoutEditor__Labels__Config/LayoutEditor__Labels__RegionStatusTooSmall	TV-only	"Too small for its first note: make it larger or the text smaller."	null
/LayoutEditor__Labels__Config/LayoutEditor__Labels__RegionStatusIdleOverspill	TV-only	"Empty until the margin runs out of room."	null
/LayoutEditor__Labels__Config/LayoutEditor__Labels__RegionStatusIdleGroups	TV-only	"None of this sheet's notes are in the groups ticked."	null
/LayoutEditor__Labels__Config/LayoutEditor__Labels__RegionStatusIdleNothing	TV-only	"Tick Overspill or a group for it to list notes."	null
/LayoutEditor__Labels__Config/LayoutEditor__Labels__RegionGripTitle	TV-only	"Drag to resize the region"	null
/LayoutEditor__Labels__Config/LayoutEditor__Labels__RegionMoveTitle	TV-only	"Drag to move the region"	null
/LayoutEditor__Labels__Config/LayoutEditor__Labels__RegionOverflowBadge	TV-only	"{count} not shown - enlarge the region"	null
/LayoutEditor__Labels__Config/LayoutEditor__Labels__MarginStatusLeaderless	TV-only	"Lists {total}: {leaderless} without leaders, {linked} linked on this sheet, {general} general."	null
/LayoutEditor__Labels__Config/LayoutEditor__Labels__LeaderlessToggle	TV-only	"Leaderless Notes"	null
/LayoutEditor__Labels__Config/LayoutEditor__Labels__LeaderlessToggleTitle	TV-only	"Whole specification groups listed on this sheet with no bubble pointing at them - an introduction, or a block of notes that needs no leader. They print first, in the order of the stack."	null
/LayoutEditor__Labels__Config/LayoutEditor__Labels__LeaderlessIntro	TV-only	"Tick a group to list all of its notes on this sheet, bubble or no bubble. Ticked groups print first, before the notes the bubbles link to, top of the stack first: drag a group by its grip to move it."	null
/LayoutEditor__Labels__Config/LayoutEditor__Labels__LeaderlessStack	TV-only	"Listed first"	null
/LayoutEditor__Labels__Config/LayoutEditor__Labels__LeaderlessStackEmpty	TV-only	"Nothing ticked yet. Tick a group below to list it here."	null
/LayoutEditor__Labels__Config/LayoutEditor__Labels__LeaderlessOthers	TV-only	"Other groups"	null
/LayoutEditor__Labels__Config/LayoutEditor__Labels__LeaderlessGripTitle	TV-only	"Drag up or down to change the order, or use the arrow keys"	null
/LayoutEditor__Labels__Config/LayoutEditor__Labels__LeaderlessInRegion	TV-only	"in {region}"	null
/LayoutEditor__Labels__Config/LayoutEditor__Labels__LeaderlessInRegionTitle	TV-only	"{region} ticks this group, so its notes print there instead of in the margin."	null
/LayoutEditor__Labels__Config/LayoutEditor__Labels__LeaderlessGroupEmpty	TV-only	"no notes"	null
/LayoutEditor__Labels__Config/LayoutEditor__Labels__LeaderlessGroupEmptyTitle	TV-only	"This group has no notes yet, so it lists nothing."	null
/LayoutEditor__Labels__Config/LayoutEditor__Labels__LeaderNoteUntitled	TV-only	"Untitled note"	null
/LayoutEditor__Labels__Config/LayoutEditor__Labels__PdfMarginOverflow	value	"PDF downloaded, but {count} note(s) did not fit and were left out. Widen the notes margin, enlarge a note region or make the text smaller."	"PDF downloaded, but {count} margin note(s) did not fit and were left out. Widen the notes margin or make its text smaller."
/LayoutEditor__Labels__Config/LayoutEditor__Labels__MeasureIdleTitle	value	"Pick the Draw (L), Rectangle (R) or Dimension (D) tool to type sizes here, or move something and type how far."	"Pick the Draw (L), Rectangle (R) or Dimension (D) tool to type sizes here, or drag a vertex or a viewport."
/LayoutEditor__Labels__Config/LayoutEditor__Labels__MeasurePaperTitle	value	"Typed and shown in paper millimetres. Tick Draw at scale (Vectors) or Measure at scale (Dimensions) to work at the drawing's scale."	"Typed and shown in paper millimetres. Drawings and dimensions default to at-scale so typed sizes follow the drawing."
/LayoutEditor__Labels__Config/LayoutEditor__Labels__MeasureViewportTitle	value	"Drag the viewport the way to go, type a length and press Enter - 2500, 2,500 or 2.5m. A number with no unit is millimetres at the viewport's scale. Type another length to move it again."	"Drag the viewport the way to go, type a length and press Enter - 2500, 2,500 or 2.5m. A number with no unit is millimetres at the viewport's scale."
/LayoutEditor__Labels__Config/LayoutEditor__Labels__MeasureMoveTitle	TV-only	"Move it the way to go - or press an arrow key to hold it to an axis - then type how far and press Enter: 2500, 2,500 or 2.5m, exactly, whatever snaps or grid. Type another length to move it again from where it started."	null
/LayoutEditor__Labels__Config/LayoutEditor__Labels__MeasureMoveAgain	TV-only	"Type another length to move it again."	null
/LayoutEditor__Labels__Config/LayoutEditor__Labels__MeasureNoMoveDirection	TV-only	"Drag the way to go, then press Enter."	null
/LayoutEditor__Labels__Config/LayoutEditor__Labels__MeasureCopyTitle	TV-only	"A copy, as in SketchUp: type how far and press Enter to put it exactly that far along the line, then 3x (or *3) for three copies in a row that far apart, or /3 to divide that distance into three. Type another count or another length to change them, in either order."	null
/LayoutEditor__Labels__Config/LayoutEditor__Labels__MeasureCopyAgain	TV-only	"Type another length to move it again, or 3x or /3 for an array."	null
/LayoutEditor__Labels__Config/LayoutEditor__Labels__MeasureArrayReadsTimes	TV-only	"= {count} copies in a row, {spacing} apart"	null
/LayoutEditor__Labels__Config/LayoutEditor__Labels__MeasureArrayReadsDivide	TV-only	"= {count} copies dividing the distance, {spacing} apart"	null
/LayoutEditor__Labels__Config/LayoutEditor__Labels__MeasureArrayDoneTimes	TV-only	"{count} copies, {spacing} apart. Type another count, or a length to space them."	null
/LayoutEditor__Labels__Config/LayoutEditor__Labels__MeasureArrayDoneDivide	TV-only	"{count} copies dividing {length}. Type another count, or a length to stretch them."	null
/LayoutEditor__Labels__Config/LayoutEditor__Labels__MeasureArrayNeedsCopy	TV-only	"Only a copy can be arrayed: hold Ctrl as you drag it, then type 3x or /3."	null
/LayoutEditor__Labels__Config/LayoutEditor__Labels__MeasureArrayBadCount	TV-only	"Type a whole number of copies: 3x, *3 or /3."	null
/LayoutEditor__Labels__Config/LayoutEditor__Labels__MeasureArrayTooMany	TV-only	"At most {max} copies at once (Measurements ArrayMaxCount)."	null
/LayoutEditor__Labels__Config/LayoutEditor__Labels__ShapeAtScale	TV-only	"Draw at scale ({scale})"	null
/LayoutEditor__Labels__Config/LayoutEditor__Labels__ShapeAtScaleTitle	TV-only	"On: sizes typed into the Measurements box while drawing, or while dragging a vertex, are real sizes at the drawing's scale - the scale of the viewport under the first point (or the vertex), or the sheet's elsewhere - so 2500 at 1:50 draws 50 mm on paper. Off: they are paper millimetres."	null
/LayoutEditor__Labels__Config/LayoutEditor__Labels__DimAtScale	TV-only	"Measure at scale ({scale})"	null
/LayoutEditor__Labels__Config/LayoutEditor__Labels__DimAtScaleTitle	TV-only	"On: the dimension reads the drawing's real size - at the scale of the viewport it sits on, or the sheet's scale off every viewport - and lengths typed while placing it are real sizes. Off: it reads paper millimetres."	null
/LayoutEditor__Labels__Config/LayoutEditor__Labels__DimAtSheetScale	TV-only	"(at the sheet's scale, {scale})"	null
/LayoutEditor__Labels__Config/LayoutEditor__Labels__DimPaperMeasure	TV-only	"(paper millimetres)"	null
/LayoutEditor__Labels__Config/LayoutEditor__Labels__DimRoundUp	TV-only	"Round up to {step} mm"	null
/LayoutEditor__Labels__Config/LayoutEditor__Labels__DimRoundUpTitle	TV-only	"On: the figure is raised to the next {step} mm and marked {marker} - 6,413 reads 6,415{marker} - so a size is never shown smaller than it measures. A figure already on a multiple of {step} mm is exact and is not marked. Off (the default): the measured figure."	null
/LayoutEditor__Labels__Config/LayoutEditor__Labels__DimRoundedShown	TV-only	"- shown rounded up as {shown}"	null
/LayoutEditor__Labels__Config/LayoutEditor__Labels__MenuCloseDoor	TV-only	"Close door"	null
/LayoutEditor__Labels__Config/LayoutEditor__Labels__MenuOpenDoor	TV-only	"Open door"	null
/LayoutEditor__Labels__Config/LayoutEditor__Labels__MenuOpenAllDoors	TV-only	"Open all doors ({count} closed)"	null
/LayoutEditor__Labels__Config/LayoutEditor__Labels__DoorsLabel	TV-only	"Doors"	null
/LayoutEditor__Labels__Config/LayoutEditor__Labels__DoorsOpenAll	TV-only	"Open all"	null
/LayoutEditor__Labels__Config/LayoutEditor__Labels__DoorsAllOpen	TV-only	"Every door is drawn open. With the viewport selected, click a door on the plan to close it."	null
/LayoutEditor__Labels__Config/LayoutEditor__Labels__DoorsSomeClosed	TV-only	"{count} closed. Click a door on the plan to open or close it."	null
/LayoutEditor__Labels__Config/LayoutEditor__Labels__DoorsHideSwings	TV-only	"Hide swings"	null
/LayoutEditor__Labels__Config/LayoutEditor__Labels__DoorsHideSwingsTitle	TV-only	"Leave every door swing off this plan - the arcs and any door swing linework - on the sheet and in the PDF. The doors still draw open and still close with a click. A roof plan starts with it ticked."	null
/LayoutEditor__Labels__Config/LayoutEditor__Labels__DoorsSwingsHiddenByStorey	TV-only	"Swings are hidden by default on a {storey}."	null
/LayoutEditor__Labels__Config/LayoutEditor__Labels__LayoutModeLabel	VV-only	null	"Enable Layout Mode"
/LayoutEditor__Labels__Config/LayoutEditor__Labels__LayoutModeHint	VV-only	null	"Shows this project's drawing tabs, here and on the live site, once it has a sheet. Saved with the project."
/LayoutEditor__Labels__Config/LayoutEditor__Labels__LayoutModeOffNote	VV-only	null	"Off for this project: no drawing tabs, here or on the live site."
/LayoutEditor__Labels__Config/LayoutEditor__Labels__MarginToggle	VV-only	null	"Notes"
/LayoutEditor__Labels__Config/LayoutEditor__Labels__MarginToggleTitle	VV-only	null	"Show the notes margin on this sheet: the specification notes its bubbles link to, with the general notes last. Drag its left edge to resize it."
/LayoutEditor__Labels__Config/LayoutEditor__Labels__MeasureOffsetAgain	VV-only	null	"Type another distance to slide it again."
/LayoutEditor__Labels__Config/LayoutEditor__Labels__MeasureNoOffsetSide	VV-only	null	"Drag the line to one side, then press Enter."
/LayoutEditor__Labels__Config/LayoutEditor__Labels__MeasureDimOffsetTitle	VV-only	null	"Drag the line clear of the drawing, then type how far off it should sit and press Enter. Type another distance to slide it again."
/LayoutEditor__DrawingRegister__Config	TV-only	{"LayoutEditor__DrawingRegister__Description": "Pack numbering and PDF defaults. Revision notes live in the self-contained LayoutEditor__DrawingRegister project block. Sheet ids remain unchanged.", "LayoutEditor__DrawingRegister__Prefix": "D", "LayoutEditor__DrawingRegister__Start": 1, "LayoutEditor__DrawingRegister__Digits": 2, "LayoutEditor__DrawingRegister__PdfMarginMm": 14, "LayoutEditor__DrawingRegister__PdfFontPt": 9, "LayoutEditor__DrawingRegister__PdfJsScriptPath": "/na-apps/20__PlanVision__CoreAppCode/01__AppDependencies__VersionLocked/PdfJs__3.11.174/build/pdf.min.js", "LayoutEditor__DrawingRegister__PdfJsWorkerPath": "/na-apps/20__PlanVision__CoreAppCode/01__AppDependencies__VersionLocked/PdfJs__3.11.174/build/pdf.worker.min.js", "LayoutEditor__DrawingRegister__TypographyNote": "Point sizes for the register document. The body size is PdfFontPt; everything else is set against it so the page keeps one hierarchy. Open Sans is embedded, so these are the sizes the reader actually gets.", "LayoutEditor__DrawingRegister__TitlePt": 19, "LayoutEditor__DrawingRegister__HeadingPt": 11, "LayoutEditor__DrawingRegister__MetaPt": 8.5, "LayoutEditor__DrawingRegister__TableHeadPt": 7.5, "LayoutEditor__DrawingRegister__NotePt": 9, "LayoutEditor__DrawingRegister__SpacingNote": "Table rhythm in millimetres. RowPadMm is the space above and below a row's text block, so a one-line row is RowPadMm*2 + LineMm tall and every row is vertically centred. CellPadMm is the gutter inside a column. Raise RowPadMm to open the table up further.", "LayoutEditor__DrawingRegister__RowPadMm": 4, "LayoutEditor__DrawingRegister__LineMm": 4.6, "LayoutEditor__DrawingRegister__CellPadMm": 3.2, "LayoutEditor__DrawingRegister__HeadRowMm": 9.5, "LayoutEditor__DrawingRegister__ColumnMaxMm": 46, "LayoutEditor__DrawingRegister__ColumnsNote": "Column order, heading, alignment and sizing. Width is measured from the real embedded font: a fixed column takes the width of its widest cell so codes and scales never wrap mid-token, and the one flex column absorbs the slack. MinMm floors a column at its heading; the flex column's MinMm is the point past which it starts wrapping instead of shrinking.", "LayoutEditor__DrawingRegister__TypeColumnNote": "TYPE was dropped on 19-Sep-2026 when the three code columns arrived. It printed the constant \"Drawing\" on every row - the register builds it in code and no sheet can say anything else - and eight columns do not fit A4 portrait: adding it back breaks \"Drawing\" across two lines and takes ISO A2 and Rev B with it. The row still carries type, so restoring the column here is one line, but the page needs to go landscape first.", "LayoutEditor__DrawingRegister__StatusColumnNote": "STATUS IS CHOSEN IN THE REGISTER'S EDIT TABLE BUT IS NOT A PRINTED COLUMN. The Edit table has a Status box on every row (the list is LayoutEditor__TitleBlock__Statuses) and the title blocks print it, but the PDF below is A4 portrait with seven columns already in it. Measured 19-Sep-2026 with the real fonts on PS01's four rows at PdfMarginMm 14 (182 mm of text width): with STATUS added the columns ask for 200 mm, so the shortfall rule takes room off every column - STATUS is left 21 mm of text room where 'FOR CONSTRUCTION' needs 31 and breaks onto two lines, and SCALE's '1:500 & 1:1250' breaks with it. The same wall TYPE hit. Every row carries status, so printing it is one line here ({ \"Key\": \"status\", \"Heading\": \"STATUS\", \"Align\": \"left\", \"Flex\": false, \"MinMm\": 18 }), but the page needs to go landscape, or lose a column, first.", "LayoutEditor__DrawingRegister__ColumnsSchemaNote": "The first three columns are the document code taken apart: drawingNo is the sequential number the register writes and the tabs read, phase is which stage of the job the drawing belongs to, and documentCode is those two behind the project code, composed. Read left to right they build the identifier the title block prints. See TrueVision__NOTES__DrawingNumberingSchema__.md.", "LayoutEditor__DrawingRegister__Columns": [{"Key": "drawingNo", "Heading": "DWG No.", "Align": "left", "Flex": false, "MinMm": 15}, {"Key": "phase", "Heading": "PHASE", "Align": "centre", "Flex": false, "MinMm": 15}, {"Key": "documentCode", "Heading": "DOCUMENT CODE", "Align": "left", "Flex": false, "MinMm": 28}, {"Key": "name", "Heading": "DOCUMENT NAME", "Align": "left", "Flex": true, "MinMm": 34}, {"Key": "scale", "Heading": "SCALE", "Align": "left", "Flex": false, "MinMm": 17}, {"Key": "size", "Heading": "SIZE", "Align": "centre", "Flex": false, "MinMm": 14}, {"Key": "revision", "Heading": "REV", "Align": "centre", "Flex": false, "MinMm": 12}], "LayoutEditor__DrawingRegister__PhasesNote": "The stage of the job a drawing belongs to, and the middle third of every document code. A project carries several at once - a planning set stays live while building regulations drawings are started - so the phase is held per sheet, not per project. Code is what prints; Name is what the register's Phase box offers, in Adam's own words for them - a select is as wide as its widest option, so a long name here sets the width of the whole column. Adding a phase here adds it to that box everywhere.", "LayoutEditor__DrawingRegister__Phases": [{"Code": "T01", "Name": "Concept"}, {"Code": "T02", "Name": "Planning"}, {"Code": "T03", "Name": "Building Regs"}, {"Code": "T04", "Name": "Site & Remedial"}], "LayoutEditor__DrawingRegister__DefaultPhaseNote": "What a sheet is read as when its phase has never been set, including every drawing made before the phase existed. Adam chose T01 on 19-Sep-2026: a drawing that has not declared its stage is a concept drawing, and saying so is honest where guessing Planning would quietly mislabel a whole back catalogue.", "LayoutEditor__DrawingRegister__DefaultPhase": "T01", "LayoutEditor__DrawingRegister__DocumentCodeNote": "How the three parts become the one identifier the title block prints and the PDF file is named after: {project} the job number from the project data (PS01, EB03, RB05), {phase} the sheet's phase code, {drawing} the register's sequential number. COMPOSED, NEVER STORED - a renumber or a phase change reaches the title block, the register and the file name at once, and cannot leave them disagreeing. A part that is empty takes its separator with it, so a project with no phase set reads PS01_D01 rather than PS01__D01. A sheet may still carry a typed Sheet__Fields__DocumentId, which wins over this for that sheet alone.", "LayoutEditor__DrawingRegister__DocumentCodeFormat": "{project}_{phase}_{drawing}", "LayoutEditor__DrawingRegister__LetterheadNote": "The register PDF wears the Project Specification's letterhead - the office mark left, the running head and the issue right, a hairline under - because the two are tabs of one pack and were reading as two different documents. LetterheadLogoAspect must match the logo asset: it is stated, not measured, because jsPDF stretches an image into whatever rectangle it is given. RegisterNumberSuffix makes the document number, PS01_REGISTER, sitting beside the specification's PS01_SPEC.", "LayoutEditor__DrawingRegister__RegisterNumberSuffix": "_REGISTER", "LayoutEditor__DrawingRegister__LetterheadLogoAspect": 4.096, "LayoutEditor__DrawingRegister__CollapseScaleSuffixNote": "A sheet's Scale field is typed as the title block prints it ('1:50 @ ISO A2'), which repeats the SIZE column word for word and was the main reason the table wrapped. True prints the scale alone ('1:50') when its paper suffix matches that row's SIZE. Set false to print the Scale field verbatim. The stored field is never changed either way.", "LayoutEditor__DrawingRegister__CollapseScaleSuffix": true, "LayoutEditor__DrawingRegister__EmptyCellTextNote": "Printed in the muted ink wherever a table cell has nothing in it, so a never-numbered sheet or an unrevised drawing reads as a stated blank rather than as a hole. Set to \"\" to leave such cells truly empty.", "LayoutEditor__DrawingRegister__EmptyCellText": "—", "LayoutEditor__DrawingRegister__PreviewNote": "The Read view rasterises the exact bytes the download sends. The canvas is drawn at the display's own pixel density, up to PreviewMaxPixelRatio, so the preview is not a soft upscale of a 1.25x render. PreviewPageWidthPx is the CSS width a page is laid out at.", "LayoutEditor__DrawingRegister__PreviewPageWidthPx": 794, "LayoutEditor__DrawingRegister__PreviewMaxPixelRatio": 3, "LayoutEditor__DrawingRegister__InkColour": "#172b3a", "LayoutEditor__DrawingRegister__MutedColour": "#6c757d", "LayoutEditor__DrawingRegister__AccentColour": "#172b3a", "LayoutEditor__DrawingRegister__AccentNote": "The drawings' own ink colour, used for the header rule and the table's head rule so the register reads as part of the pack it lists.", "LayoutEditor__DrawingRegister__HeaderColour": "#eef1f4", "LayoutEditor__DrawingRegister__StripeColour": "#f6f8fa", "LayoutEditor__DrawingRegister__RuleColour": "#d9dfe4", "LayoutEditor__DrawingRegister__WarnAmberFill": "#fff6e3", "LayoutEditor__DrawingRegister__WarnAmberInk": "#8a5a00", "LayoutEditor__DrawingRegister__WarnRedFill": "#fdf0f0", "LayoutEditor__DrawingRegister__WarnRedInk": "#9b3b3b"}	null
/LayoutEditor__Statement__Config	TV-only	{"LayoutEditor__Statement__Description": "The Statement Writer tab: the project's written documents - a pre-application statement, a design and access statement, a heritage statement - each authored in markdown and read as one endless A4 page. A statement is a FOLDER under FolderName in the project's TrueVision content, holding one markdown file and the pictures it uses. The folders are numbered (01__, 02__) so they order themselves, and IndexFileName is the sibling JSON that remembers which markdown file in each folder is the statement, what it is called and when it was last published. Everything else in a statement folder - project notes, reference photography - is left alone: this app owns one file per folder and touches nothing beside it.", "LayoutEditor__Statement__FolderName": "10__StatementDocs", "LayoutEditor__Statement__IndexFileName": "TrueVision__StatementDocs__.json", "LayoutEditor__Statement__ImagesFolderName": "02_StatementDocs__Content__Images", "LayoutEditor__Statement__ParkedImagesFolderName": "00__Images", "LayoutEditor__Statement__ParkedImagesNote": "Where a picture goes when it is no longer used by the statement. A folder whose name starts with 00__ is skipped by the model sync, the statement builder and git alike, so parking a picture there keeps it to hand on this machine without it ever being pushed anywhere.", "LayoutEditor__Statement__NamingNote": "A new statement is named from what is typed in the manager. The folder takes the next free two-digit prefix and the typed title with its spaces removed; the markdown file takes the project code, the tranche, an S-number counted across the project's statements, the project name and the same title. Typing \"Design & Access Statement\" into project RB05 therefore gives 02__DesignAccessStatement and RB05_T01_S02__WestFarm__DesignAccessStatement__.md. Both can be renamed afterwards.", "LayoutEditor__Statement__FilePattern": "{code}_T{tranche}_S{number}__{project}__{title}__.md", "LayoutEditor__Statement__FolderPattern": "{index}__{title}", "LayoutEditor__Statement__DefaultTranche": "01", "LayoutEditor__Statement__NumberDigits": 2, "LayoutEditor__Statement__DraftEnabled": true, "LayoutEditor__Statement__DraftDebounceMs": 700, "LayoutEditor__Statement__AutoSaveLocalMs": 4000, "LayoutEditor__Statement__AutoSaveLocalNote": "How long the typing must pause before the markdown is written to the local file through the ProjectVision server. The local copy is a mirror, not the record, so this is frequent and silent; R2 is only written when Publish is pressed.", "LayoutEditor__Statement__LoadTimeoutMs": 15000, "LayoutEditor__Statement__ConfirmCloudOverwrite": true, "LayoutEditor__Statement__LockstepEnabled": true, "LayoutEditor__Statement__LockstepPollMs": 3000, "LayoutEditor__Statement__LockstepNote": "Keeps the statement on screen and its markdown file on disk in step. Typora and agents edit the file directly, so on localhost the app looks at it when a statement opens, every LockstepPollMs while the Statements tab is showing, when the window gets the focus back, and immediately before every autosave. If the file no longer holds what the app last read or wrote, nothing is written and the app asks which copy to keep - its own (the on-screen copy, kept in this browser as a JSON draft) or the markdown file - showing when each last changed. The copy not chosen is kept in this browser. Whether the copies agree is decided by their content; the times only explain. Set LockstepEnabled false to go back to the last save winning.", "LayoutEditor__Statement__PublishNote": "Publish writes three things to R2: the markdown exactly as it is on disk, a standalone HTML rendering of it, and every picture the statement actually links to. The HTML is what a client opens from its link, and its image links are rewritten to CDN URLs; the web viewer's Design Statements tab draws the MARKDOWN with the live app instead, so push the app before publishing a statement that uses a section the live app does not know yet. Pictures that are in the folder but not linked are never uploaded - a statement folder holds hundreds of megabytes of reference photography and a statement uses sixteen of them.", "LayoutEditor__Statement__HtmlFileSuffix": ".html", "LayoutEditor__Statement__StylesheetUrl": "https://www.noble-architecture.com/na-apps/30__TrueVision__CoreAppCode/02__Src__AppModules/51__System__LayoutEditor/52__Feature__StatementWriter/08__Style__Stylesheets/Na__LayoutEditor__Styles__Statement__Document__.css", "LayoutEditor__Statement__StylesheetUrlNote": "The public address of the document stylesheet. Since v2.170.0 the published page WRITES the stylesheet into itself, read from the app's own file at the moment of publishing, so a statement looks as it did on screen whether or not the app has been pushed yet. This address is what the app fonts' addresses are worked out from, and what the page links instead if the file could not be read.", "LayoutEditor__Statement__ImageMaxEdgePx": 2000, "LayoutEditor__Statement__ImageMaxEdgePxNote": "The longest edge a published picture is resized to. A statement is A4: the text block is 188 mm, and the PDF rasterises the page at about 192 dpi, so a picture wider than roughly 1450 px adds nothing a reader can see. 2000 px leaves headroom for a higher-quality export and still takes a 13 MB render down to a few hundred kilobytes. The original is never altered - only the copy that is published.", "LayoutEditor__Statement__ImageFormat": "image/webp", "LayoutEditor__Statement__ImageQuality": 0.82, "LayoutEditor__Statement__ImageFormatNote": "WebP at 0.82 holds the soft skies and stonework of a CGI better than JPEG at the same weight, and every browser in use reads it. A picture already smaller than ImageMaxEdgePx and already well compressed is uploaded as it is rather than re-encoded, so nothing is degraded twice.", "LayoutEditor__Statement__ImagePassThroughBytes": 350000, "LayoutEditor__Statement__PdfNote": "The statement PDF is DELIBERATELY A PICTURE OF THE PAGE, not text. Every other PDF this app makes - the drawings, the register, the specification - writes real text with real embedded fonts, because those are documents people need to search and read aloud. A planning statement is not: it is an argument written for a case officer to read, and text that lifts cleanly out of the file is text that goes straight into a language model. So this one exporter rasterises. If a future change makes the statement PDF selectable, that is a change of policy and not a bug fix.", "LayoutEditor__Statement__PdfMaxPagePt": 14399, "LayoutEditor__Statement__PdfMaxPagePtNote": "The PDF format's cap on one page dimension. A statement taller than this continues on a second very tall page rather than being shrunk to fit, so the type stays the same size however long the document runs.", "LayoutEditor__Statement__PdfTileCssPx": 4000, "LayoutEditor__Statement__PdfComment": ["THE DEFAULT USED TO BE 2.00 AT 0.92 AND MADE A 9.6 MB FILE. Adam, 20-Sep-2026:", "'Let's change the PDF render method because that PDF is like 10 MB.'", "There is no method that avoids this and keeps the one thing the PDF is for. The", "statement is rasterised ON PURPOSE so a planning officer cannot lift the text out", "of it, which means the file is images and nothing else, and roughly sixty per cent", "of this document's height IS photographs. WebP is not a way out: PDF has no WebP", "image format at all - it carries DCTDecode, Flate and JPEG2000 - so jsPDF decodes", "a WebP and re-encodes it anyway. That leaves resolution and JPEG quality.", "1.50 puts the page at 144 dpi, which holds 10pt text cleanly on screen and prints", "acceptably, and 0.80 is the point where the photographs stop paying for quality", "nobody sees. Measured on the RB05 statement: 9.58 MB becomes roughly 3 MB.", "The print preset is the old behaviour, kept for when the file is going to paper."], "LayoutEditor__Statement__PdfPresets": [{"Key": "full", "Label": "Download PDF", "RasterScale": 1.5, "JpegQuality": 0.8, "FileSuffix": ""}, {"Key": "print", "Label": "Download PDF (print)", "RasterScale": 2.0, "JpegQuality": 0.92, "FileSuffix": "__Print"}], "LayoutEditor__Statement__Html2CanvasScriptPath": "./04__Lib__ThirdParty__VersionLocked/06__Vendor__Html2Canvas__v1.4.1/html2canvas.umd.js"}	null
